id,chapter,source,original_question,revised_question,review_status,recommendation,reason,retained_in
1Aa1,11,past,Ποια είναι η διαστασιακή ταξινόμηση των συμπτωμάτων της σχιζοφρένειας;,Ποια είναι η διαστασιακή ταξινόμηση των συμπτωμάτων της σχιζοφρένειας;,keep,,,
1Aa2,1,past,Ποια τα συμπτώματα α΄ τάξης του Schneider; Είναι ακόμα παθογνωμονικά;,Ποια τα συμπτώματα α΄ τάξης του Schneider; Είναι ακόμα παθογνωμονικά;,keep,,,
1Aa3,2,past,Ποιες οι διαφορές κριτηρίων DSM-5 / ICD-10 για σχιζοφρένεια;,Ποιες οι διαφορές κριτηρίων DSM-5 / ICD-10 για σχιζοφρένεια;,keep,,,
1Aa4,11,past,Νεαρός 18 ετών με πτώση μαθημάτων 2ετίας και κοινωνική απομόνωση – πώς διερευνάτε ψυχωτικά συμπτώματα;,Νεαρός 18 ετών με πτώση μαθημάτων 2ετίας και κοινωνική απομόνωση – πώς διερευνάτε ψυχωτικά συμπτώματα;,keep,,,
1Ab1,11,past,Πώς αντιμετωπίζετε ένα πρώτο ψυχωτικό επεισόδιο;,Πώς αντιμετωπίζετε ένα πρώτο ψυχωτικό επεισόδιο;,keep,,,
1Ab2,11,past,Ποιο είναι το ποσοστό ανταπόκρισης στο πρώτο ψυχωτικό επεισόδιο; Πόσο διαρκεί η αγωγή;,Ποιο είναι το ποσοστό ανταπόκρισης στο πρώτο ψυχωτικό επεισόδιο; Πόσο διαρκεί η αγωγή;,keep,,,
1Ab3,11,past,Τι είναι το DUP (Duration of Untreated Psychosis); Ποια η σημασία του;,Τι είναι το DUP (Duration of Untreated Psychosis); Ποια η σημασία του;,keep,,,
1Ab4,11,past,Ποιοι είναι οι προγνωστικοί παράγοντες καλής και κακής έκβασης στη σχιζοφρένεια;,Ποιοι είναι οι προγνωστικοί παράγοντες καλής και κακής έκβασης στη σχιζοφρένεια;,keep,,,
1Ab5,11,past,Ποιες είναι οι διαφορές μεταξύ ανδρών και γυναικών στη σχιζοφρένεια;,Ποιες είναι οι διαφορές μεταξύ ανδρών και γυναικών στη σχιζοφρένεια;,keep,,,
1Ab6,21,past,Τι γνωρίζετε για την αυτοκτονικότητα στη σχιζοφρένεια;,Τι γνωρίζετε για την αυτοκτονικότητα στη σχιζοφρένεια;,keep,,,
1Ag1,11,past,Ποια νοητικά ελλείμματα παρατηρούνται στη σχιζοφρένεια;,Ποια νοητικά ελλείμματα παρατηρούνται στη σχιζοφρένεια;,keep,,,
1Ag2,11,past,Πότε εμφανίζονται τα νοητικά ελλείμματα; Ποιο το ποσοστό στο πρώτο επεισόδιο;,Πότε εμφανίζονται τα γνωστικά ελλείμματα στη σχιζοφρένεια και πόσο συχνά παρατηρούνται στο πρώτο ψυχωτικό επεισόδιο;,revised,,,
1Ag3,11,past,Πώς αξιολογούνται τα νοητικά ελλείμματα; Ποιες νευροψυχολογικές δοκιμασίες;,Πώς αξιολογείτε τα γνωστικά ελλείμματα στη σχιζοφρένεια και ποιες νευροψυχολογικές δοκιμασίες χρησιμοποιείτε;,revised,,,
1Ag4,11,past,"Πώς αντιμετωπίζονται τα νοητικά ελλείμματα; (άσκηση, διακοπή καπνίσματος, κ.ά.)",Πώς αντιμετωπίζετε τα γνωστικά ελλείμματα στη σχιζοφρένεια;,revised,,,
1Ad1,11,past,Πώς ορίζεται η ανθεκτική σχιζοφρένεια (Treatment-Resistant Schizophrenia);,Πώς ορίζεται η ανθεκτική σχιζοφρένεια (Treatment-Resistant Schizophrenia);,keep,,,
1Ad2,11,past,Τι σημαίνει «επαρκής θεραπευτική δοκιμή» (adequate antipsychotic trial) και ποιοι οι παράμετροί της;,Τι σημαίνει «επαρκής θεραπευτική δοκιμή» (adequate antipsychotic trial) και ποιοι οι παράμετροί της;,keep,,,
1Ad3,25,past,Ποιες είναι οι ενδείξεις χορήγησης κλοζαπίνης;,Ποιες είναι οι ενδείξεις χορήγησης κλοζαπίνης;,keep,,,
1Ad4,25,past,Ποιες είναι οι σοβαρές ανεπιθύμητες ενέργειες της κλοζαπίνης;,Ποιες είναι οι σοβαρές ανεπιθύμητες ενέργειες της κλοζαπίνης;,keep,,,
1Ad5,25,past,Ποιες οι συνηθισμένες ανεπιθύμητες ενέργειες της κλοζαπίνης;,Ποιες οι συνηθισμένες ανεπιθύμητες ενέργειες της κλοζαπίνης;,keep,,,
1Ad6,25,past,Πότε αναμένουμε θεραπευτική ανταπόκριση στην κλοζαπίνη; Πότε τη διακόπτουμε;,Πότε αναμένουμε θεραπευτική ανταπόκριση στην κλοζαπίνη; Πότε τη διακόπτουμε;,keep,,,
1Ad7,25,past,Πώς αντιμετωπίζεται η υπερσιελόρροια από κλοζαπίνη;,Πώς αντιμετωπίζεται η υπερσιελόρροια από κλοζαπίνη;,keep,,,
1Ad8,11,past,Ποια είναι η γλουταμινεργική υπόθεση για την ανθεκτική σχιζοφρένεια;,Ποια είναι η γλουταμινεργική υπόθεση για την ανθεκτική σχιζοφρένεια;,keep,,,
1Ae1,5,past,Ποια η ντοπαμινεργική και ποια η γλουταμινεργική υπόθεση για τη σχιζοφρένεια; Πώς αντιστοιχούν στα συμπτώματα;,Ποια η ντοπαμινεργική και ποια η γλουταμινεργική υπόθεση για τη σχιζοφρένεια; Πώς αντιστοιχούν στα συμπτώματα;,keep,,,
1Ae2,5,past,Ποιες οι ντοπαμινεργικές οδοί και πώς σχετίζονται με τα αρνητικά συμπτώματα;,Ποιες οι ντοπαμινεργικές οδοί και πώς σχετίζονται με τα αρνητικά συμπτώματα;,keep,,,
1Ae3,11,past,Ποια τα αρνητικά συμπτώματα; Πώς τα θεραπεύετε;,Ποια είναι τα αρνητικά συμπτώματα της σχιζοφρένειας και πώς τα αντιμετωπίζετε;,revised,,,
1Ae4,5,past,Τι ξέρετε για το ρόλο της κακοποίησης/ψυχοκοινωνικών παραγόντων στη σχιζοφρένεια; (ευαισθητοποίηση DA),Τι ξέρετε για το ρόλο της κακοποίησης/ψυχοκοινωνικών παραγόντων στη σχιζοφρένεια; (ευαισθητοποίηση DA),keep,,,
1Ae5,5,past,Ποια τα ευρήματα νευροαπεικόνισης (υποµετωπιαιότητα/hypofrontality) στη σχιζοφρένεια;,Ποια τα ευρήματα νευροαπεικόνισης (υποµετωπιαιότητα/hypofrontality) στη σχιζοφρένεια;,keep,,,
1Az1,24,past,Ποια η ψυχοθεραπεία μετά την οξεία φάση της σχιζοφρένειας;,Ποια η ψυχοθεραπεία μετά την οξεία φάση της σχιζοφρένειας;,keep,,,
1Az2,25,past,Ποια τα πλεονεκτήματα των depot αντιψυχωτικών;,Ποια τα πλεονεκτήματα των depot αντιψυχωτικών;,keep,,,
1Az3,11,past,Ποιοι οι λόγοι μη συμμόρφωσης; Πώς τη βελτιώνουμε;,Ποιοι παράγοντες δυσχεραίνουν την τήρηση της αγωγής στη σχιζοφρένεια και πώς τη βελτιώνετε;,revised,,,
1B1,14,past,Τι είναι το παραλήρημα; Ποια τα βασικά κριτήρια/χαρακτηριστικά του;,Τι είναι το ντελίριο (delirium) και ποια είναι τα βασικά κλινικά χαρακτηριστικά του;,revised,,,
1B2,14,past,Ποιες οι αιτίες παραληρήματος; Ποιο ακρώνυμο χρησιμοποιείτε; (ηλεκτρολύτες!),Ποιες αιτίες ντελίριου (delirium) πρέπει να αναζητήσετε και πώς οργανώνετε τη διερεύνησή τους;,revised,,,
1B3,14,past,Ποια η διαφοροδιάγνωση παραληρήματος – άνοιας – κατάθλιψης;,Πώς διακρίνετε το ντελίριο (delirium) από την άνοια και την κατάθλιψη;,revised,,,
1B4,14,past,Γιατί οι ψυχιατρικοί ασθενείς κινδυνεύουν περισσότερο να αναπτύξουν παραλήρημα;,Ποιοι παράγοντες αυξάνουν τον κίνδυνο ντελίριου (delirium) σε ασθενείς με ψυχιατρικές διαταραχές;,revised,,,
1B5,14,past,Ποια η συμβολή της καθήλωσης στο παραλήρημα;,Πώς επηρεάζει η μηχανική καθήλωση έναν ασθενή με ντελίριο (delirium) και πότε μπορεί να χρειαστεί;,revised,,,
1B6,20,past,"Τι είναι το delirium tremens; Παθοφυσιολογία, κλινική εικόνα και αντιμετώπιση;","Τι είναι το delirium tremens; Παθοφυσιολογία, κλινική εικόνα και αντιμετώπιση;",keep,,,
1B7,3,past,Πώς αντιμετωπίζουμε τον βίαιο ασθενή στα ΤΕΠ;,Πώς αντιμετωπίζουμε τον βίαιο ασθενή στα ΤΕΠ;,keep,,,
1B8,14,past,Πότε χρειάζεται φαρμακευτική αντιμετώπιση στο delirium και ποιο φάρμακο χρησιμοποιείται συχνότερα;,Πότε χρειάζεται φαρμακευτική αντιμετώπιση στο delirium και ποιο φάρμακο χρησιμοποιείται συχνότερα;,keep,,,
1Ca1,9,past,Ποιοι οι τύποι κατάθλιψης; Περιγράψτε τα κλινικά χαρακτηριστικά κάθε τύπου.,Ποιοι οι τύποι κατάθλιψης; Περιγράψτε τα κλινικά χαρακτηριστικά κάθε τύπου.,keep,,,
1Ca2,9,past,Ποια τα χαρακτηριστικά της μελαγχολικής κατάθλιψης; Τι σημαίνει μη αντιδραστικότητα συναισθήματος;,Ποια τα χαρακτηριστικά της μελαγχολικής κατάθλιψης; Τι σημαίνει μη αντιδραστικότητα συναισθήματος;,keep,,,
1Ca3,9,past,"Ποια τα χαρακτηριστικά της άτυπης κατάθλιψης; (υπερυπνία, αντιδραστικότητα, μολυβδαινική παράλυση)","Ποια τα χαρακτηριστικά της άτυπης κατάθλιψης; (υπερυπνία, αντιδραστικότητα, μολυβδαινική παράλυση)",keep,,,
1Ca4,9,past,Τι είναι η εποχιακή κατάθλιψη; Ποια η αντιμετώπιση;,Τι είναι η εποχιακή κατάθλιψη; Ποια η αντιμετώπιση;,keep,,,
1Ca5,9,past,Τι είναι η εμμένουσα καταθλιπτική διαταραχή; Πώς διαφέρει από τη δυσθυμία;,Τι είναι η εμμένουσα καταθλιπτική διαταραχή; Πώς διαφέρει από τη δυσθυμία;,keep,,,
1Ca6,9,past,Ποια η επιλόχεια κατάθλιψη και πώς διαφέρει από την επιλόχεια ψύχωση;,Ποια η επιλόχεια κατάθλιψη και πώς διαφέρει από την επιλόχεια ψύχωση;,keep,,,
1Cb1,9,past,"Σε ήπια κατάθλιψη, δίνετε αντικαταθλιπτικό ή ξεκινάτε με CBT; Τι λέει η APA, τι το NICE;","Σε ήπια κατάθλιψη, δίνετε αντικαταθλιπτικό ή ξεκινάτε με CBT; Τι λέει η APA, τι το NICE;",keep,,,
1Cb2,9,past,Ποιες οι στρατηγικές αντικαταθλιπτικής αγωγής;,Ποιες οι στρατηγικές αντικαταθλιπτικής αγωγής;,keep,,,
1Cb3,9,past,Πώς ορίζεται η ανθεκτική κατάθλιψη; Ποια τα βήματα αντιμετώπισης;,Πώς ορίζεται η ανθεκτική κατάθλιψη; Ποια τα βήματα αντιμετώπισης;,keep,,,
1Cb4,9,past,Ποιος ο μηχανισμός δράσης κεταμίνης/εσκεταμίνης στην κατάθλιψη;,Ποιος ο μηχανισμός δράσης κεταμίνης/εσκεταμίνης στην κατάθλιψη;,keep,,,
1Cg1,10,past,Ποιες οι διαφορές μονοπολικής – διπολικής κατάθλιψης;,Ποιες οι διαφορές μονοπολικής – διπολικής κατάθλιψης;,keep,,,
1Cg2,10,past,Τι είναι τα mixed features; Τι το rapid cycling;,Τι είναι τα mixed features; Τι το rapid cycling;,keep,,,
1Cg3,1,past,Τι είναι η απάθεια; Πώς διαφέρει από την κατάθλιψη;,Τι είναι η απάθεια; Πώς διαφέρει από την κατάθλιψη;,keep,,,
1Cd1,21,past,Ποιοι οι παράγοντες κινδύνου αυτοκτονίας;,Ποιοι οι παράγοντες κινδύνου αυτοκτονίας;,keep,,,
1Cd2,21,past,Πώς αξιολογείτε την αυτοκτονική πρόθεση;,Πώς αξιολογείτε την αυτοκτονική πρόθεση;,keep,,,
1Cd3,21,past,Ποιες οι διαφορές φύλου στην αυτοκτονικότητα;,Ποιες οι διαφορές φύλου στην αυτοκτονικότητα;,keep,,,
1Cd4,21,past,Πώς διαφέρει η αυτοκτονικότητα σχιζοφρενικών από καταθλιπτικών;,Πώς διαφέρει η αυτοκτονικότητα σχιζοφρενικών από καταθλιπτικών;,keep,,,
2Aa1,25,past,Ποια τα θεραπευτικά επίπεδα λιθίου;,Ποια τα θεραπευτικά επίπεδα λιθίου;,keep,,,
2Aa2,25,past,Ποιες οι ανεπιθύμητες ενέργειες λιθίου;,Ποιες οι ανεπιθύμητες ενέργειες λιθίου;,keep,,,
2Aa3,25,past,"Ποιες οι αιτίες τοξικότητας λιθίου; (αφυδάτωση, ACE αναστολείς, ΜΣΑΦ)","Ποιες οι αιτίες τοξικότητας λιθίου; (αφυδάτωση, ACE αναστολείς, ΜΣΑΦ)",keep,,,
2Aa4,25,past,Πώς αντιμετωπίζετε τοξικότητα λιθίου;,Πώς αντιμετωπίζετε τοξικότητα λιθίου;,keep,,,
2Aa5,25,past,Ποιες οι νεφρικές και θυρεοειδικές επιπτώσεις του λιθίου;,Ποιες οι νεφρικές και θυρεοειδικές επιπτώσεις του λιθίου;,keep,,,
2Ab1,25,past,Ποια τα θεραπευτικά επίπεδα βαλπροϊκού; Ποιες οι ανεπιθύμητες ενέργειες;,Ποια τα θεραπευτικά επίπεδα βαλπροϊκού; Ποιες οι ανεπιθύμητες ενέργειες;,keep,,,
2Ab2,25,past,Τι γνωρίζετε για τη τερατογένεση του βαλπροϊκού; (~10%),Τι γνωρίζετε για τη τερατογένεση του βαλπροϊκού; (~10%),keep,,,
2Ab3,25,past,"Ποιες οι υπόλοιπες σημαντικές ΑΕ του βαλπροϊκού; (PCOS, τριχόπτωση)","Ποιες ανεπιθύμητες ενέργειες του βαλπροϊκού, πέρα από την τερατογένεση, πρέπει να γνωρίζετε;",revised,,,
2Ag1,25,past,"Πώς συγκρίνονται τα SSRI μεταξύ τους; (ημιζωή φλουοξετίνης, αντιχολινεργικά παροξετίνης, ελάχιστες αλληλεπιδράσεις σιταλοπράμης)","Πώς συγκρίνονται τα SSRI μεταξύ τους; (ημιζωή φλουοξετίνης, αντιχολινεργικά παροξετίνης, ελάχιστες αλληλεπιδράσεις σιταλοπράμης)",keep,,,
2Ag2,25,past,Ποιος ο SSRI με την πιο εκλεκτική δράση;,Ποιος ο SSRI με την πιο εκλεκτική δράση;,retired_approved,Εγκρίθηκε και αποσύρθηκε από την ενεργή τράπεζα,Πολύ στενή ερώτηση εκλεκτικότητας υποδοχέα· μικρό όφελος ως ξεχωριστή κάρτα έναντι της συγκριτικής επιλογής SSRI.,2Ag1
2Ad1,25,past,"Ποιες οι εξωπυραμιδικές παρενέργειες; (οξεία δυστονία, παρκινσονισμός, ακαθησία, όψιμη δυσκινησία)",Ποιες εξωπυραμιδικές ανεπιθύμητες ενέργειες μπορούν να προκαλέσουν τα αντιψυχωσικά;,revised,,,
2Ad2,25,past,Τι είναι η όψιμη δυσκινησία; Πώς αντιμετωπίζεται;,Τι είναι η όψιμη δυσκινησία; Πώς αντιμετωπίζεται;,keep,,,
2Ad3,25,past,Ποιες οι μεταβολικές ανεπιθύμητες ενέργειες των αντιψυχωσικών και τι πρέπει να γνωρίζετε για QTc;,Ποιες οι μεταβολικές ανεπιθύμητες ενέργειες των αντιψυχωσικών και τι πρέπει να γνωρίζετε για QTc;,keep,,,
2Ad4,25,past,Τι είναι η υπερπρολακτιναιμία; Ποια αντιψυχωτικά την προκαλούν;,Ποια αντιψυχωσικά μπορούν να προκαλέσουν υπερπρολακτιναιμία και πώς εκδηλώνεται κλινικά;,revised,,,
2Ad5,25,past,Πώς επιλέγετε αντιψυχωτικό βάσει προφίλ ΑΕ;,Πώς επιλέγετε αντιψυχωτικό βάσει προφίλ ΑΕ;,keep,,,
2Ad6,25,past,Ποιες οι παρενέργειες φαρμάκων που επηρεάζουν ανά φύλο;,Ποιες ανεπιθύμητες ενέργειες των ψυχοτρόπων έχουν ιδιαίτερη σημασία σε άνδρες και γυναίκες;,revised,,,
2B1,25,past,Ποια τα συμπτώματα του σεροτονινεργικού συνδρόμου ανά σύστημα;,Ποια τα συμπτώματα του σεροτονινεργικού συνδρόμου ανά σύστημα;,keep,,,
2B2,25,past,Πώς διαφέρει το σεροτονινεργικό σύνδρομο από το κακόηθες νευροληπτικό;,Πώς διαφέρει το σεροτονινεργικό σύνδρομο από το κακόηθες νευροληπτικό;,keep,,,
2B3,25,past,Ποια τα κλινικά χαρακτηριστικά του κακόηθους νευροληπτικού και η αντιμετώπισή του;,Ποια τα κλινικά χαρακτηριστικά του κακόηθους νευροληπτικού και η αντιμετώπισή του;,keep,,,
2C1,25,past,Ποιος ο μηχανισμός δράσης της τραζοδόνης (SARI); Τι ξέρετε για τον πριαπισμό;,Ποιος ο μηχανισμός δράσης της τραζοδόνης (SARI); Τι ξέρετε για τον πριαπισμό;,keep,,,
2C2,25,past,Τι είναι η υπονατριαιμία από ψυχοτρόπα; Ποια φάρμακα την προκαλούν;,Τι είναι η υπονατριαιμία από ψυχοτρόπα; Ποια φάρμακα την προκαλούν;,keep,,,
2C3,25,past,Ποιες αλληλεπιδράσεις φαρμάκων πρέπει να γνωρίζετε;,Ποιες κλινικά σημαντικές αλληλεπιδράσεις των ψυχοτρόπων φαρμάκων πρέπει να αναγνωρίζετε;,revised,,,
3A1,8,past,Ποια η κλινική εικόνα και το γνωσιακό μοντέλο της διαταραχής πανικού;,Ποια η κλινική εικόνα και το γνωσιακό μοντέλο της διαταραχής πανικού;,keep,,,
3A2,8,past,Πώς θεραπεύεται η διαταραχή πανικού; (SSRI + CBT),Πώς θεραπεύεται η διαταραχή πανικού; (SSRI + CBT),keep,,,
3A3,7,past,Ποια η κλινική εικόνα του PTSD;,Ποια η κλινική εικόνα του PTSD;,keep,,,
3A4,7,past,"Ποιες οι διαφορές PTSD – οξείας αντίδρασης στρες – διαταραχής προσαρμογής; (κριτήρια, χρόνος)","Ποιες οι διαφορές PTSD – οξείας αντίδρασης στρες – διαταραχής προσαρμογής; (κριτήρια, χρόνος)",keep,,,
3A5,7,past,Πώς θεραπεύεται το PTSD;,Πώς θεραπεύεται το PTSD;,keep,,,
3A6,24,past,Τι είναι το EMDR; Πώς λειτουργεί;,Τι είναι το EMDR; Πώς λειτουργεί;,keep,,,
3A7,8,past,"Ποια η κοινωνική φοβία; Επιδημιολογία, νευροβιολογία, θεραπεία;","Ποια η κοινωνική φοβία; Επιδημιολογία, νευροβιολογία, θεραπεία;",keep,,,
3A8,8,past,Τι ξέρετε για το άγχος παράστασης; Ποιος ο ρόλος των β-blockers και οι ΑΕ τους;,Τι ξέρετε για το άγχος παράστασης; Ποιος ο ρόλος των β-blockers και οι ΑΕ τους;,keep,,,
3B1,20,past,Ποια η κλινική εικόνα στέρησης αλκοόλ; Χρόνοι εκδήλωσης;,Ποια η κλινική εικόνα στέρησης αλκοόλ; Χρόνοι εκδήλωσης;,keep,,,
3B2,20,past,Πώς αντιμετωπίζεται η στέρηση αλκοόλ; Ποιο φάρμακο εκλογής;,Πώς αντιμετωπίζεται η στέρηση αλκοόλ; Ποιο φάρμακο εκλογής;,keep,,,
3B3,20,past,Ποιες οι χρόνιες επιπλοκές του αλκοόλ ανά σύστημα;,Ποιες οι χρόνιες επιπλοκές του αλκοόλ ανά σύστημα;,keep,,,
3B4,20,past,"Ποια η φαρμακολογική συντήρηση αποχής από αλκοόλ; (ναλτρεξόνη, ακαμπροσάτη, δισουλφιράμη)","Ποια η φαρμακολογική συντήρηση αποχής από αλκοόλ; (ναλτρεξόνη, ακαμπροσάτη, δισουλφιράμη)",keep,,,
3B5,20,past,Τι είναι το σύνδρομο Wernicke-Korsakoff; Πώς θεραπεύεται;,Τι είναι το σύνδρομο Wernicke-Korsakoff; Πώς θεραπεύεται;,keep,,,
3B6,20,past,Πώς γίνεται η θεραπεία στέρησης οπιοειδών; Ποιος ο μηχανισμός ναλτρεξόνης; (μ υποδοχέας),Πώς γίνεται η θεραπεία στέρησης οπιοειδών; Ποιος ο μηχανισμός ναλτρεξόνης; (μ υποδοχέας),keep,,,
3B7,20,past,Ποιοι οι χρόνοι ανίχνευσης ουσιών στα ούρα;,Ποιοι οι χρόνοι ανίχνευσης ουσιών στα ούρα;,keep,,,
3B8,20,past,Ποιος ο μηχανισμός αμφεταμινών vs κοκαΐνης;,Ποιος ο μηχανισμός αμφεταμινών vs κοκαΐνης;,keep,,,
3B9,20,past,Τι είναι ο νευροβιολογικός μηχανισμός ανοχής;,Τι είναι ο νευροβιολογικός μηχανισμός ανοχής;,keep,,,
3C1,14,past,Ποια η διαφοροδιάγνωση Alzheimer – Lewy Body – μετωποκροταφικής άνοιας;,Ποια η διαφοροδιάγνωση Alzheimer – Lewy Body – μετωποκροταφικής άνοιας;,keep,,,
3C2,14,past,Ποια τα κλινικά χαρακτηριστικά της άνοιας Lewy Body;,Ποια τα κλινικά χαρακτηριστικά της άνοιας Lewy Body;,keep,,,
3C3,14,past,Τι είναι τα BPSD (Behavioral and Psychological Symptoms of Dementia); Ποια η φαρμακευτική τους αντιμετώπιση;,Τι είναι τα BPSD (Behavioral and Psychological Symptoms of Dementia); Ποια η φαρμακευτική τους αντιμετώπιση;,keep,,,
3C4,14,past,Πώς λειτουργούν οι αναστολείς ακετυλοχολινεστεράσης; Ποιες οι ενδείξεις τους;,Πώς λειτουργούν οι αναστολείς ακετυλοχολινεστεράσης; Ποιες οι ενδείξεις τους;,keep,,,
3C5,14,past,Ποιος ο μηχανισμός δράσης μεμαντίνης; Πότε χρησιμοποιείται;,Ποιος ο μηχανισμός δράσης μεμαντίνης; Πότε χρησιμοποιείται;,keep,,,
3C6,14,past,Ποιο το ποσοστό ψύχωσης στην άνοια;,Ποιο το ποσοστό ψύχωσης στην άνοια;,retired_approved,Εγκρίθηκε και αποσύρθηκε από την ενεργή τράπεζα,Η μεμονωμένη ερώτηση συχνότητας ψύχωσης στην άνοια έχει μικρότερο όφελος από την κλινική εκτίμηση και διαφορική διάγνωση.,Q51
3C7,14,past,Ποιες οι ψυχιατρικές εκδηλώσεις νόσου Parkinson;,Ποιες οι ψυχιατρικές εκδηλώσεις νόσου Parkinson;,keep,,,
3C8,14,past,Πώς αντιμετωπίζεται η ψύχωση στη νόσο Parkinson;,Πώς αντιμετωπίζεται η ψύχωση στη νόσο Parkinson;,keep,,,
3C9,14,past,"Τι σύνδρομα Charles Bonnet, Diogenes γνωρίζετε;","Τι σύνδρομα Charles Bonnet, Diogenes γνωρίζετε;",keep,,,
3D1,1,past,"Ποιες είναι οι βασικές διαταραχές της αντίληψης και πώς διακρίνονται ψευδαίσθηση, παραίσθηση, αποπροσωποποίηση και αποπραγματοποίηση;","Ποιες είναι οι βασικές διαταραχές της αντίληψης και πώς διακρίνονται ψευδαίσθηση, παραίσθηση, αποπροσωποποίηση και αποπραγματοποίηση;",keep,,,
3D2,1,past,Πώς εξετάζονται οι διαταραχές βούλησης και ψυχοκινητικότητας και ποια σημεία συγκροτούν κατατονία;,Πώς εξετάζονται οι διαταραχές βούλησης και ψυχοκινητικότητας και ποια σημεία συγκροτούν κατατονία;,keep,,,
3D3,12,past,Πώς διακρίνεται η παραληρητική ιδέα από την υπερτιμημένη ιδέα και τι είναι τα σύνδρομα Capgras και Fregoli;,Πώς διακρίνεται η παραληρητική ιδέα από την υπερτιμημένη ιδέα και τι είναι τα σύνδρομα Capgras και Fregoli;,keep,,,
3D4,11,past,"Πώς διακρίνονται βραχεία ψυχωτική διαταραχή, σχιζοφρενικόμορφη διαταραχή, σχιζοφρένεια και σχιζοσυναισθηματική διαταραχή;","Πώς διακρίνονται βραχεία ψυχωτική διαταραχή, σχιζοφρενικόμορφη διαταραχή, σχιζοφρένεια και σχιζοσυναισθηματική διαταραχή;",keep,,,
3D5,12,past,Ποια είναι η κλινική εικόνα και η διαφορική διάγνωση της παραληρητικής διαταραχής;,Ποια είναι η κλινική εικόνα και η διαφορική διάγνωση της παραληρητικής διαταραχής;,keep,,,
3D6,5,past,"Ποια είναι η νευροβιολογία του στρες και ποια κυκλώματα εμπλέκονται στο φόβο, την ανησυχία και το OCD;","Ποια είναι η νευροβιολογία του στρες και ποια κυκλώματα εμπλέκονται στο φόβο, την ανησυχία και το OCD;",keep,,,
3D7,8,past,Ποια είναι η κλινική εικόνα και η θεραπεία της γενικευμένης αγχώδους διαταραχής και του OCD;,Ποια είναι η κλινική εικόνα και η θεραπεία της γενικευμένης αγχώδους διαταραχής και του OCD;,keep,,,
3D8,7,past,Πώς διακρίνεται το φυσιολογικό πένθος από μείζον καταθλιπτικό επεισόδιο και παρατεταμένη διαταραχή πένθους;,Πώς διακρίνεται το φυσιολογικό πένθος από μείζον καταθλιπτικό επεισόδιο και παρατεταμένη διαταραχή πένθους;,keep,,,
3D9,10,past,Πώς γίνεται η διαφορική διάγνωση διπολικής διαταραχής και οριακής διαταραχής προσωπικότητας;,Πώς γίνεται η διαφορική διάγνωση διπολικής διαταραχής και οριακής διαταραχής προσωπικότητας;,keep,,,
3D10,10,past,"Τι είναι κυκλοθυμία, kindling και rapid cycling στη διπολική διαταραχή;","Τι είναι κυκλοθυμία, kindling και rapid cycling στη διπολική διαταραχή;",keep,,,
3D11,10,past,Πώς αντιμετωπίζεται η διπολική κατάθλιψη και ποιος ο ρόλος ψυχοεκπαίδευσης και κιρκάδιου ρυθμού;,Πώς αντιμετωπίζεται η διπολική κατάθλιψη και ποιος ο ρόλος ψυχοεκπαίδευσης και κιρκάδιου ρυθμού;,keep,,,
3D12,5,past,"Ποια είναι τα βασικά ευρήματα νευροβιολογίας της κατάθλιψης και ποιες ουσίες, φάρμακα ή σωματικές νόσοι μπορούν να προκαλέσουν καταθλιπτική εικόνα;","Ποια είναι τα βασικά ευρήματα νευροβιολογίας της κατάθλιψης και ποιες ουσίες, φάρμακα ή σωματικές νόσοι μπορούν να προκαλέσουν καταθλιπτική εικόνα;",keep,,,
3D13,25,past,"Πώς ταξινομούνται τα αντιψυχωσικά και πώς συνδέονται υποδοχείς, θεραπευτική δράση και ανεπιθύμητες ενέργειες;","Πώς ταξινομούνται τα αντιψυχωσικά και πώς συνδέονται υποδοχείς, θεραπευτική δράση και ανεπιθύμητες ενέργειες;",keep,,,
3D14,25,past,Πώς δρουν οι βενζοδιαζεπίνες στον υποδοχέα GABA-A και πώς εξηγούνται ανοχή και στερητικό σύνδρομο;,Πώς δρουν οι βενζοδιαζεπίνες στον υποδοχέα GABA-A και πώς εξηγούνται ανοχή και στερητικό σύνδρομο;,keep,,,
3D15,20,past,"Πώς ορίζονται τοξίκωση, στερητικό σύνδρομο, ανοχή και διαταραχή χρήσης ουσίας;","Πώς ορίζονται τοξίκωση, στερητικό σύνδρομο, ανοχή και διαταραχή χρήσης ουσίας;",keep,,,
3D16,20,past,Σε ποιους υποδοχείς δρα το LSD και ποια είναι η κλινική εικόνα της χρήσης;,Σε ποιους υποδοχείς δρα το LSD και ποια είναι η κλινική εικόνα της χρήσης;,keep,,,
3D17,20,past,Ποια είναι η κλινική εικόνα τοξίκωσης και στέρησης από κάνναβη και ποιος ο ρόλος THC και υποδοχέων CB1;,Ποια είναι η κλινική εικόνα τοξίκωσης και στέρησης από κάνναβη και ποιος ο ρόλος THC και υποδοχέων CB1;,keep,,,
3D18,20,past,Ποια είναι η κλινική εικόνα και η επείγουσα αντιμετώπιση τοξίκωσης από οπιοειδή;,Ποια είναι η κλινική εικόνα και η επείγουσα αντιμετώπιση τοξίκωσης από οπιοειδή;,keep,,,
3D19,20,past,Πώς διακρίνονται τοξίκωση και στέρηση από αμφεταμίνες και ποια η διαφορά μηχανισμού από την κοκαΐνη;,Πώς διακρίνονται τοξίκωση και στέρηση από αμφεταμίνες και ποια η διαφορά μηχανισμού από την κοκαΐνη;,keep,,,
3D20,14,past,"Πώς διακρίνονται άνοια, delirium και καταθλιπτική ψευδοάνοια και πώς μεταβάλλεται η εναισθησία στις άνοιες;","Πώς διακρίνονται άνοια, delirium και καταθλιπτική ψευδοάνοια και πώς μεταβάλλεται η εναισθησία στις άνοιες;",keep,,,
3D21,14,past,Πότε πρέπει μια πρώτη ψύχωση να εγείρει υποψία κροταφικής επιληψίας ή εγκεφαλίτιδας κατά NMDA υποδοχέων;,Πότε πρέπει μια πρώτη ψύχωση να εγείρει υποψία κροταφικής επιληψίας ή εγκεφαλίτιδας κατά NMDA υποδοχέων;,keep,,,
3D22,13,past,Τι είναι το σύνδρομο επανασίτισης και πώς προλαμβάνεται σε σοβαρό υποσιτισμό ή νευρική ανορεξία;,Τι είναι το σύνδρομο επανασίτισης και πώς προλαμβάνεται σε σοβαρό υποσιτισμό ή νευρική ανορεξία;,keep,,,
3D23,13,past,Πώς αξιολογείται η ψυχογενής στυτική δυσλειτουργία και ποια είναι η σύγχρονη προσέγγιση στη δυσφορία φύλου;,Πώς αξιολογείται η ψυχογενής στυτική δυσλειτουργία και ποια είναι η σύγχρονη προσέγγιση στη δυσφορία φύλου;,keep,,,
3D24,25,past,Πώς προσεγγίζετε εγκυμοσύνη σε ασθενή που λαμβάνει ψυχοτρόπα φάρμακα;,Πώς προσεγγίζετε εγκυμοσύνη σε ασθενή που λαμβάνει ψυχοτρόπα φάρμακα;,keep,,,
3D25,14,past,"Ποια η ψυχιατρική σημασία της νόσου Huntington, της χορείας Sydenham και του PANDAS;","Ποια η ψυχιατρική σημασία της νόσου Huntington, της χορείας Sydenham και του PANDAS;",keep,,,
3D26,25,past,Πώς επιλέγεται αντικαταθλιπτικό και πώς προλαμβάνονται διακοπή αγωγής και υποτροπή;,Πώς επιλέγεται αντικαταθλιπτικό και πώς προλαμβάνονται διακοπή αγωγής και υποτροπή;,keep,,,
3D27,22,past,Πώς διακρίνονται διαταραχή σωματικών συμπτωμάτων και διαταραχή άγχους ασθένειας;,Πώς διακρίνονται διαταραχή σωματικών συμπτωμάτων και διαταραχή άγχους ασθένειας;,keep,,,
3D28,7,past,Ποια είναι τα βασικά διασχιστικά συμπτώματα και ποια διαφορική διάγνωση απαιτούν;,Ποια είναι τα βασικά διασχιστικά συμπτώματα και ποια διαφορική διάγνωση απαιτούν;,keep,,,
3D29,16,past,Ποια είναι η κλινική εικόνα και η θεραπεία του συνδρόμου Tourette;,Ποια είναι η κλινική εικόνα και η θεραπεία του συνδρόμου Tourette;,keep,,,
4A1,25,past,Ποιες οι ενδείξεις ECT; Ποιες οι αντενδείξεις;,Ποιες οι ενδείξεις ECT; Ποιες οι αντενδείξεις;,keep,,,
4A2,25,past,"Πώς διαχειρίζεστε λίθιο, βενζοδιαζεπίνες και αντιεπιληπτικά κατά τη διάρκεια ECT;","Πώς διαχειρίζεστε λίθιο, βενζοδιαζεπίνες και αντιεπιληπτικά κατά τη διάρκεια ECT;",keep,,,
4A3,25,past,Ποιος ο μηχανισμός φωτοθεραπείας; Ποιες οι ενδείξεις;,Ποιος ο μηχανισμός φωτοθεραπείας; Ποιες οι ενδείξεις;,keep,,,
4A4,25,past,Ποιος ο μηχανισμός δράσης μελατονίνης;,Ποιος ο μηχανισμός δράσης μελατονίνης;,keep,,,
4B1,24,past,Τι είναι η CBT; Ποιες οι εφαρμογές της; Τι είναι τα γνωσιακά σχήματα;,Τι είναι η CBT; Ποιες οι εφαρμογές της; Τι είναι τα γνωσιακά σχήματα;,keep,,,
4B2,24,past,"Τι είναι η IPT; Ποιες οι ενδείξεις; (μέτρια κατάθλιψη, διατροφικές διαταραχές)","Τι είναι η IPT; Ποιες οι ενδείξεις; (μέτρια κατάθλιψη, διατροφικές διαταραχές)",keep,,,
4B3,24,past,Τι είναι η μεταβίβαση και η αντιμεταβίβαση;,Τι είναι η μεταβίβαση και η αντιμεταβίβαση;,keep,,,
4B4,24,past,Τι είναι η ψυχοεκπαίδευση; Πότε χρησιμοποιείται;,Τι είναι η ψυχοεκπαίδευση; Πότε χρησιμοποιείται;,keep,,,
4B5,4,past,Πότε παραβιάζεται νόμιμα το ιατρικό απόρρητο;,Πότε παραβιάζεται νόμιμα το ιατρικό απόρρητο;,keep,,,
4C1,13,past,Ποια τα στάδια ύπνου; Ποιο το ΗΕΓ κάθε σταδίου;,Ποια τα στάδια ύπνου; Ποιο το ΗΕΓ κάθε σταδίου;,keep,,,
4C2,13,past,Ποια τα χαρακτηριστικά του REM ύπνου;,Ποια τα χαρακτηριστικά του REM ύπνου;,keep,,,
4C3,13,past,Ποιες οι αλλαγές ύπνου στην κατάθλιψη; Ποια τα ΗΕΓ ευρήματα;,Ποιες οι αλλαγές ύπνου στην κατάθλιψη; Ποια τα ΗΕΓ ευρήματα;,keep,,,
4C4,19,past,Πώς αντιμετωπίζεται η αϋπνία στους ηλικιωμένους;,Πώς αντιμετωπίζεται η αϋπνία στους ηλικιωμένους;,keep,,,
4D1,16,past,Ποιες οι διαφορές DSM-IV vs DSM-5 στον αυτισμό;,Ποιες οι διαφορές DSM-IV vs DSM-5 στον αυτισμό;,keep,,,
4D2,16,past,Ποια η κλινική εικόνα του αυτισμού; Ποια η πρόγνωση;,Ποια η κλινική εικόνα του αυτισμού; Ποια η πρόγνωση;,keep,,,
4D3,16,past,Τι ξέρετε για την ενσυναίσθηση στον αυτισμό;,Τι ξέρετε για την ενσυναίσθηση στον αυτισμό;,keep,,,
4D4,16,past,Ποια η αναλογία αρσενικών/θηλυκών στον αυτισμό;,Ποια η αναλογία αρσενικών/θηλυκών στον αυτισμό;,retired_approved,Εγκρίθηκε και αποσύρθηκε από την ενεργή τράπεζα,"Η αναλογία φύλων μπορεί να ενσωματωθεί στην υποδιάγνωση/κλινική παρουσίαση αυτισμού, αντί για ξεχωριστή κάρτα απομνημόνευσης.",4D2
5A1,5,past,Τι σημαίνει κληρονομησιμότητα;,Τι σημαίνει κληρονομησιμότητα;,keep,,,
5A2,5,past,Ποιος είναι περίπου ο κίνδυνος σχιζοφρένειας ανά βαθμό συγγένειας;,Ποιος είναι περίπου ο κίνδυνος σχιζοφρένειας ανά βαθμό συγγένειας;,keep,,,
5A3,5,past,"Τι γνωρίζετε για τα GWAS; Τι μας έμαθαν για τις ψυχιατρικές διαταραχές; (πολυγονιδιακές, μικρό risk ανά γονίδιο)","Τι γνωρίζετε για τα GWAS; Τι μας έμαθαν για τις ψυχιατρικές διαταραχές; (πολυγονιδιακές, μικρό risk ανά γονίδιο)",keep,,,
5A4,6,past,Τι είναι ο NNT; Πώς υπολογίζεται; (100/ARR%),Τι είναι ο NNT; Πώς υπολογίζεται; (100/ARR%),keep,,,
5A5,5,past,Ποιοι οι περιβαλλοντικοί παράγοντες κινδύνου σχιζοφρένειας;,Ποιοι οι περιβαλλοντικοί παράγοντες κινδύνου σχιζοφρένειας;,keep,,,
5A6,5,past,"Τι είναι διεισδυτικότητα, επίσταση και επιγενετική και πώς εφαρμόζονται στην ψυχιατρική γενετική;","Τι είναι διεισδυτικότητα, επίσταση και επιγενετική και πώς εφαρμόζονται στην ψυχιατρική γενετική;",keep,,,
5A7,25,past,Τι μπορεί και τι δεν μπορεί να προσφέρει σήμερα η φαρμακογενετική στην ψυχιατρική;,Τι μπορεί και τι δεν μπορεί να προσφέρει σήμερα η φαρμακογενετική στην ψυχιατρική;,keep,,,
5A8,6,past,"Τι είναι επίπτωση και επιπολασμός και ποια η σχέση point, period και lifetime prevalence;","Τι είναι επίπτωση και επιπολασμός και ποια η σχέση point, period και lifetime prevalence;",keep,,,
5A9,6,past,"Πώς διακρίνονται σχετικός κίνδυνος, odds ratio, απόλυτη μείωση κινδύνου, NNT και NNH;","Πώς διακρίνονται σχετικός κίνδυνος, odds ratio, απόλυτη μείωση κινδύνου, NNT και NNH;",keep,,,
5A10,6,past,"Πώς συγκρίνονται cohort, case-control, cross-sectional μελέτες και τυχαιοποιημένες κλινικές δοκιμές;","Πώς συγκρίνονται cohort, case-control, cross-sectional μελέτες και τυχαιοποιημένες κλινικές δοκιμές;",keep,,,
5A11,6,past,"Ποια είναι τα βασικά είδη bias και τι είναι confounding, τυχαίο και συστηματικό σφάλμα;","Ποια είναι τα βασικά είδη bias και τι είναι confounding, τυχαίο και συστηματικό σφάλμα;",keep,,,
5A12,6,past,"Ποια η διαφορά reliability, validity, association, prediction και causation και πώς κρίνουμε κλινική σημασία;","Ποια η διαφορά reliability, validity, association, prediction και causation και πώς κρίνουμε κλινική σημασία;",keep,,,
5B1,15,past,Ποια τα κλινικά χαρακτηριστικά της οριακής διαταραχής προσωπικότητας;,Ποια τα κλινικά χαρακτηριστικά της οριακής διαταραχής προσωπικότητας;,keep,,,
5B2,15,past,Ποια τα χαρακτηριστικά της αντικοινωνικής διαταραχής; Πώς θεραπεύεται;,Ποια τα χαρακτηριστικά της αντικοινωνικής διαταραχής; Πώς θεραπεύεται;,keep,,,
5B3,15,past,"Πώς κατατάσσονται τα cluster A, B, C; Ποια η κλινική τους εικόνα;","Ποιες διαταραχές προσωπικότητας περιλαμβάνονται στις ομάδες A, B και C και ποια είναι τα βασικά χαρακτηριστικά τους;",revised,,,
5B4,15,past,Τι είναι η παρανοειδής διαταραχή προσωπικότητας;,Τι είναι η παρανοειδής διαταραχή προσωπικότητας;,keep,,,
jan2026_01,25,past,Εξωπυραμιδικά (EPS),"Ποιες είναι οι εξωπυραμιδικές ανεπιθύμητες ενέργειες των αντιψυχωσικών, πότε εμφανίζονται και πώς αντιμετωπίζονται;",retired_approved,Εγκρίθηκε και αποσύρθηκε από την ενεργή τράπεζα,"Ισχυρή επικάλυψη του ζητούμενου με υπάρχουσα ερώτηση. Πριν αποσυρθεί, ελέγξτε και μεταφέρετε όποιο διακριτό σημείο της απάντησης αξίζει να διατηρηθεί.",Q77
jan2026_02,9,past,Βραχύ καταθλιπτικό επεισόδιο,Πώς αξιολογείτε καταθλιπτικά συμπτώματα διάρκειας μικρότερης των δύο εβδομάδων και ποια διαφορική διάγνωση εξετάζετε;,revised,,,
jan2026_03,5,past,Νευραναπτυξιακή θεωρία σχιζοφρένειας,Πώς εξηγεί το νευροαναπτυξιακό μοντέλο την εμφάνιση της σχιζοφρένειας;,revised,,,
jan2026_04,5,past,Απεικονιστικά & ανατομικά στη σχιζοφρένεια,Ποια δομικά και λειτουργικά ευρήματα νευροαπεικόνισης έχουν περιγραφεί στη σχιζοφρένεια και ποια είναι η διαγνωστική τους αξία;,revised,,,
jan2026_05,5,past,Νευροβιολογία OCD,Ποια εγκεφαλικά κυκλώματα και ποιοι νευροδιαβιβαστές εμπλέκονται στην ιδεοψυχαναγκαστική διαταραχή;,revised,,,
jan2026_06,10,past,ΜΚΕ που γίνεται Διπολική,"Σε ασθενή με μείζον καταθλιπτικό επεισόδιο, ποια στοιχεία εγείρουν υποψία διπολικής διαταραχής;",revised,,,
jan2026_07,10,past,Διπολική vs προσωπικότητα / κυκλοθυμία,Πώς διακρίνετε τη διπολική διαταραχή από την οριακή διαταραχή προσωπικότητας και την κυκλοθυμία;,revised,,,
jan2026_08,8,past,ΓΑΔ (GAD): εικόνα & φαρμακευτική αγωγή,Ποια είναι η κλινική εικόνα της γενικευμένης αγχώδους διαταραχής και ποιες είναι οι βασικές θεραπευτικές επιλογές;,revised,,,
jan2026_09,7,past,PTSD,Ποια είναι τα βασικά συμπτώματα της διαταραχής μετατραυματικού στρες και πώς αντιμετωπίζεται;,retired_approved,Εγκρίθηκε και αποσύρθηκε από την ενεργή τράπεζα,"Ισχυρή επικάλυψη του ζητούμενου με υπάρχουσα ερώτηση. Πριν αποσυρθεί, ελέγξτε και μεταφέρετε όποιο διακριτό σημείο της απάντησης αξίζει να διατηρηθεί.",Q32
jan2026_10,9,past,TRD (ανθεκτική κατάθλιψη),Πώς ορίζετε την ανθεκτική κατάθλιψη και ποια βήματα αντιμετώπισης εξετάζετε;,retired_approved,Εγκρίθηκε και αποσύρθηκε από την ενεργή τράπεζα,"Ισχυρή επικάλυψη του ζητούμενου με υπάρχουσα ερώτηση. Πριν αποσυρθεί, ελέγξτε και μεταφέρετε όποιο διακριτό σημείο της απάντησης αξίζει να διατηρηθεί.",Q22
jan2026_11,15,past,Επίμονες διαταραχές προσωπικότητας μετά από τραύμα,Πώς περιγράφεται στο ICD-10 η επίμονη αλλαγή προσωπικότητας μετά από καταστροφική εμπειρία;,revised,,,
jan2026_12,25,past,NMS (Κακόηθες Νευροληπτικό),Πώς αναγνωρίζετε το κακόηθες νευροληπτικό σύνδρομο και πώς το αντιμετωπίζετε επειγόντως;,retired_approved,Εγκρίθηκε και αποσύρθηκε από την ενεργή τράπεζα,"Ισχυρή επικάλυψη του ζητούμενου με υπάρχουσα ερώτηση. Πριν αποσυρθεί, ελέγξτε και μεταφέρετε όποιο διακριτό σημείο της απάντησης αξίζει να διατηρηθεί.",Q87
jan2026_13,13,past,Ύπνος: ιστορικό & φάρμακα,Ποια στοιχεία του ιστορικού ύπνου αναζητάτε σε ασθενή με χρόνια αϋπνία και πώς επιλέγετε θεραπεία;,revised,,,
jan2026_14,20,past,Gambling disorder,Ποια είναι η κλινική εικόνα και η ταξινομική θέση της διαταραχής τζόγου και πώς αντιμετωπίζεται;,revised,,,
jan2026_15,16,past,Αυτισμός vs σχιζοφρένεια,Πώς διακρίνετε τη διαταραχή αυτιστικού φάσματος από τη σχιζοφρένεια;,revised,,,
jan2026_16,1,past,Soft signs,Τι είναι τα ήπια νευρολογικά σημεία (neurological soft signs) και ποια είναι η σημασία τους στη σχιζοφρένεια;,revised,,,
jan2026_17,5,past,Κύκλωμα παρορμητικότητας & καταναγκασμού,Ποια εγκεφαλικά κυκλώματα συνδέονται με την παρορμητικότητα και τον καταναγκασμό και πώς σχετίζονται με την εξάρτηση;,revised,,,
jan2026_18,20,past,Πώς αναπτύσσεται και συντηρείται η εξάρτηση;,Πώς αναπτύσσεται και συντηρείται η εξάρτηση;,keep,,,
jan2026_19,14,past,Άνοια vs καταθλιπτική γνωστική διαταραχή («ψευδοάνοια»),Πώς διακρίνετε την άνοια από τη γνωστική δυσλειτουργία που συνοδεύει την κατάθλιψη;,retired_approved,Εγκρίθηκε και αποσύρθηκε από την ενεργή τράπεζα,"Ισχυρή επικάλυψη του ζητούμενου με υπάρχουσα ερώτηση. Πριν αποσυρθεί, ελέγξτε και μεταφέρετε όποιο διακριτό σημείο της απάντησης αξίζει να διατηρηθεί.",3D20
jan2026_20,25,past,Κλοζαπίνη: ΑΕ και τι κάνεις,Ποιες σοβαρές και συχνές ανεπιθύμητες ενέργειες της κλοζαπίνης πρέπει να αναγνωρίζετε και πώς τις αντιμετωπίζετε;,retired_approved,Εγκρίθηκε και αποσύρθηκε από την ενεργή τράπεζα,"Ισχυρή επικάλυψη του ζητούμενου με υπάρχουσα ερώτηση. Πριν αποσυρθεί, ελέγξτε και μεταφέρετε όποιο διακριτό σημείο της απάντησης αξίζει να διατηρηθεί.",Q19
jan2026_21,8,past,Διαταραχή πανικού: εικόνα,Πώς διακρίνετε την κρίση πανικού από τη διαταραχή πανικού και ποιες είναι οι βασικές θεραπευτικές παρεμβάσεις;,retired_approved,Εγκρίθηκε και αποσύρθηκε από την ενεργή τράπεζα,"Ισχυρή επικάλυψη του ζητούμενου με υπάρχουσα ερώτηση. Πριν αποσυρθεί, ελέγξτε και μεταφέρετε όποιο διακριτό σημείο της απάντησης αξίζει να διατηρηθεί.",Q28
jan2026_22,5,past,Κυκλώματα αγχωδών διαταραχών,"Ποια εγκεφαλικά κυκλώματα εμπλέκονται στον φόβο, στη ρύθμιση της απειλής και στην παρατεταμένη ανησυχία;",revised,,,
jan2026_23,14,past,NMDA εγκεφαλίτιδα,Ποια κλινικά σημεία εγείρουν υποψία εγκεφαλίτιδας κατά υποδοχέων NMDA και ποια διερεύνηση απαιτείται;,revised,,,
jan2026_24,10,past,Rapid cycling,Πώς ορίζεται η ταχεία εναλλαγή επεισοδίων (rapid cycling) στη διπολική διαταραχή και ποιους επιβαρυντικούς παράγοντες ελέγχετε;,retired_approved,Εγκρίθηκε και αποσύρθηκε από την ενεργή τράπεζα,"Ισχυρή επικάλυψη του ζητούμενου με υπάρχουσα ερώτηση. Πριν αποσυρθεί, ελέγξτε και μεταφέρετε όποιο διακριτό σημείο της απάντησης αξίζει να διατηρηθεί.",oral_core_037
jan2026_25,9,past,Κλινικοί προσδιοριστές / μορφές κατάθλιψης,Ποιοι είναι οι βασικοί κλινικοί προσδιοριστές και οι μορφές της κατάθλιψης;,revised,,,
jan2026_26,10,past,ΔΔ διπολικής – οριακής,Πώς διακρίνετε τη διπολική διαταραχή από την οριακή διαταραχή προσωπικότητας;,retired_approved,Εγκρίθηκε και αποσύρθηκε από την ενεργή τράπεζα,"Ισχυρή επικάλυψη του ζητούμενου με υπάρχουσα ερώτηση. Πριν αποσυρθεί, ελέγξτε και μεταφέρετε όποιο διακριτό σημείο της απάντησης αξίζει να διατηρηθεί.",oral_core_036
jan2026_27,10,past,Μεικτό επεισόδιο,Τι σημαίνουν τα μικτά χαρακτηριστικά σε επεισόδιο διάθεσης και ποια είναι η κλινική τους σημασία;,revised,,,
jan2026_28,15,past,Cluster A – παρανοειδής ΠΔ,Ποιες διαταραχές προσωπικότητας ανήκουν στην ομάδα A και πώς διακρίνετε την παρανοειδή διαταραχή προσωπικότητας από μια ψυχωτική διαταραχή;,revised,,,
jan2026_29,5,past,Προκλητικά δυναμικά στη σχιζοφρένεια,Ποια ευρήματα του προκλητού δυναμικού P300 έχουν περιγραφεί στη σχιζοφρένεια και ποια είναι η διαγνωστική τους αξία;,revised,,,
jan2026_30,15,past,Διαταραχές ελέγχου παρορμήσεων,"Πώς ορίζονται οι διαταραχές ελέγχου των παρορμήσεων, ποια είναι τα βασικά παραδείγματα και πώς διακρίνονται ταξινομικά από τη διαταραχή τζόγου;",revised,,,
jan2026_31,25,past,Μεταβολικό σύνδρομο,Πώς ορίζεται το μεταβολικό σύνδρομο και γιατί χρειάζεται παρακολούθηση σε ασθενείς που λαμβάνουν αντιψυχωσικά;,revised,,,
oral_core_001,11,clinical,"Νέος 23 ετών προσέρχεται με διωκτικές ιδέες, ακουστικές ψευδαισθήσεις και κοινωνική απόσυρση. Ποια είναι τα πρώτα κρίσιμα βήματα της εκτίμησής σας;","Νέος 23 ετών προσέρχεται με διωκτικές ιδέες, ακουστικές ψευδαισθήσεις και κοινωνική απόσυρση. Ποια είναι τα πρώτα κρίσιμα βήματα της εκτίμησής σας;",keep,,,
oral_core_001_fu01,11,clinical,Ποιους άμεσους κινδύνους πρέπει να αξιολογήσετε σε έναν ασθενή με πρώτο ψυχωτικό επεισόδιο;,Ποιους άμεσους κινδύνους πρέπει να αξιολογήσετε σε έναν ασθενή με πρώτο ψυχωτικό επεισόδιο;,keep,,,
oral_core_001_fu02,11,clinical,Ποια είναι η βασική διαφορική διάγνωση του πρώτου ψυχωτικού επεισοδίου;,Ποια είναι η βασική διαφορική διάγνωση του πρώτου ψυχωτικού επεισοδίου;,keep,,,
oral_core_001_fu03,11,clinical,Ποια οργανικά αίτια πρέπει να αποκλείσετε πριν μιλήσετε για πρωτοπαθή ψυχωτική διαταραχή;,Ποια οργανικά αίτια πρέπει να αποκλείσετε πριν μιλήσετε για πρωτοπαθή ψυχωτική διαταραχή;,keep,,,
oral_core_001_fu04,11,clinical,Πώς θα αποκλείσετε ουσιοεπαγόμενη ψύχωση;,Πώς θα αποκλείσετε ουσιοεπαγόμενη ψύχωση;,keep,,,
oral_core_001_fu05,11,clinical,Ποια είναι η άμεση αντιμετώπιση στα ΤΕΠ και πότε θα σκεφτείτε νοσηλεία;,Πώς αντιμετωπίζετε στα ΤΕΠ έναν ασθενή με πρώτο ψυχωτικό επεισόδιο και πότε χρειάζεται νοσηλεία;,revised,,,
oral_core_001_fu06,11,clinical,Πώς επιλέγετε αρχικό αντιψυχωσικό σε πρώτο ψυχωτικό επεισόδιο;,Πώς επιλέγετε αρχικό αντιψυχωσικό σε πρώτο ψυχωτικό επεισόδιο;,keep,,,
oral_core_001_fu07,11,clinical,Τι βασική παρακολούθηση χρειάζεται πριν και μετά την έναρξη αντιψυχωσικού;,Τι βασική παρακολούθηση χρειάζεται πριν και μετά την έναρξη αντιψυχωσικού;,keep,,,
oral_core_002,11,clinical,Ασθενής με επίμονα ψυχωτικά συμπτώματα και λειτουργική έκπτωση παρακολουθείται στο ιατρείο. Ποια στοιχεία σας κάνουν να σκεφτείτε σχιζοφρένεια;,Ασθενής με επίμονα ψυχωτικά συμπτώματα και λειτουργική έκπτωση παρακολουθείται στο ιατρείο. Ποια στοιχεία σας κάνουν να σκεφτείτε σχιζοφρένεια;,keep,,,
oral_core_002_fu01,11,clinical,Ποια είναι τα βασικά διαγνωστικά κριτήρια της σχιζοφρένειας και ποια η απαιτούμενη διάρκεια;,Ποια είναι τα βασικά διαγνωστικά κριτήρια της σχιζοφρένειας και ποια η απαιτούμενη διάρκεια;,keep,,,
oral_core_002_fu02,11,clinical,Πώς διαφοροποιείται η σχιζοφρένεια από διπολική διαταραχή με ψυχωσικά στοιχεία και σχιζοσυναισθηματική διαταραχή;,Πώς διαφοροποιείται η σχιζοφρένεια από διπολική διαταραχή με ψυχωσικά στοιχεία και σχιζοσυναισθηματική διαταραχή;,keep,,,
oral_core_002_fu03,11,clinical,Ποια είναι η φαρμακευτική αντιμετώπιση της σχιζοφρένειας στην οξεία φάση και στη θεραπεία συντήρησης;,Ποια είναι η φαρμακευτική αντιμετώπιση της σχιζοφρένειας στην οξεία φάση και στη θεραπεία συντήρησης;,keep,,,
oral_core_002_fu04,11,clinical,Ποιες ανεπιθύμητες ενέργειες των αντιψυχωσικών πρέπει να παρακολουθείτε;,Ποιες ανεπιθύμητες ενέργειες των αντιψυχωσικών πρέπει να παρακολουθείτε;,keep,,,
oral_core_002_fu05,11,clinical,Πώς αντιμετωπίζετε τη μη συμμόρφωση στη θεραπεία;,Πώς αντιμετωπίζετε τη δυσκολία τήρησης της αντιψυχωσικής αγωγής σε ασθενή με σχιζοφρένεια;,revised,,,
oral_core_002_fu06,11,clinical,Πότε χαρακτηρίζεται η σχιζοφρένεια ανθεκτική στη θεραπεία και πότε ενδείκνυται κλοζαπίνη;,Πότε χαρακτηρίζεται η σχιζοφρένεια ανθεκτική στη θεραπεία και πότε ενδείκνυται κλοζαπίνη;,keep,,,
oral_core_002_fu07,11,clinical,"Αν ένας ασθενής δεν ανταποκρίνεται σε αντιψυχωσικό, τι πρέπει να ελέγξετε πριν τον χαρακτηρίσετε ανθεκτικό;","Αν ένας ασθενής δεν ανταποκρίνεται σε αντιψυχωσικό, τι πρέπει να ελέγξετε πριν τον χαρακτηρίσετε ανθεκτικό;",keep,,,
oral_core_003,25,clinical,Ασθενής με σχιζοφρένεια δεν βελτιώνεται παρά τις κατάλληλες δοκιμές αντιψυχωσικών. Πότε μπαίνει στη συζήτηση η κλοζαπίνη;,Ασθενής με σχιζοφρένεια δεν βελτιώνεται παρά τις κατάλληλες δοκιμές αντιψυχωσικών. Πότε μπαίνει στη συζήτηση η κλοζαπίνη;,keep,,,
oral_core_003_fu01,25,clinical,Ποιες είναι οι βασικές ενδείξεις της κλοζαπίνης;,Ποιες είναι οι βασικές ενδείξεις της κλοζαπίνης;,retired_approved,Εγκρίθηκε και αποσύρθηκε από την ενεργή τράπεζα,"Ισχυρή επικάλυψη του ζητούμενου με υπάρχουσα ερώτηση. Πριν αποσυρθεί, ελέγξτε και μεταφέρετε όποιο διακριτό σημείο της απάντησης αξίζει να διατηρηθεί.",1Ad3
oral_core_003_fu02,25,clinical,Ποια αιματολογική παρακολούθηση απαιτείται με κλοζαπίνη;,Ποια αιματολογική παρακολούθηση απαιτείται με κλοζαπίνη;,keep,,,
oral_core_003_fu03,25,clinical,Ποιες άλλες σοβαρές ανεπιθύμητες ενέργειες της κλοζαπίνης πρέπει να γνωρίζετε;,Ποιες άλλες σοβαρές ανεπιθύμητες ενέργειες της κλοζαπίνης πρέπει να γνωρίζετε;,keep,,,
oral_core_003_fu04,25,clinical,Τι κάνετε αν ασθενής υπό κλοζαπίνη εμφανίσει πυρετό και πονόλαιμο;,Τι κάνετε αν ασθενής υπό κλοζαπίνη εμφανίσει πυρετό και πονόλαιμο;,keep,,,
oral_core_003_fu05,25,clinical,Γιατί η κλοζαπίνη έχει ιδιαίτερη σημασία σε ασθενείς με σχιζοφρένεια και επανειλημμένες αυτοκτονικές συμπεριφορές;,Γιατί η κλοζαπίνη έχει ιδιαίτερη σημασία σε ασθενείς με σχιζοφρένεια και επανειλημμένες αυτοκτονικές συμπεριφορές;,keep,,,
oral_core_004,10,clinical,"Ασθενής προσέρχεται με μειωμένη ανάγκη για ύπνο, υπερδραστηριότητα, ευερεθιστότητα, μεγαλόπνοες ιδέες και πίεση λόγου. Ποια είναι τα πρώτα κρίσιμα ερωτήματα της εκτίμησής σας;","Ασθενής προσέρχεται με μειωμένη ανάγκη για ύπνο, υπερδραστηριότητα, ευερεθιστότητα, μεγαλόπνοες ιδέες και πίεση λόγου. Ποια είναι τα πρώτα κρίσιμα ερωτήματα της εκτίμησής σας;",keep,,,
oral_core_004_fu01,10,clinical,Ποια είναι τα βασικά κλινικά χαρακτηριστικά μανιακού επεισοδίου;,Ποια είναι τα βασικά κλινικά χαρακτηριστικά μανιακού επεισοδίου;,keep,,,
oral_core_004_fu02,10,clinical,Ποια είναι η διαφορική διάγνωση της οξείας μανίας;,Ποια είναι η διαφορική διάγνωση της οξείας μανίας;,keep,,,
oral_core_004_fu03,10,clinical,Πώς θα αποκλείσετε ουσιοεπαγόμενη μανία ή μανία λόγω σωματικής νόσου;,Πώς θα αποκλείσετε ουσιοεπαγόμενη μανία ή μανία λόγω σωματικής νόσου;,keep,,,
oral_core_004_fu04,10,clinical,Ποιους κινδύνους αξιολογείτε άμεσα σε έναν μανιακό ασθενή;,Ποιους κινδύνους αξιολογείτε άμεσα σε έναν μανιακό ασθενή;,keep,,,
oral_core_004_fu05,10,clinical,Ποια είναι η άμεση αντιμετώπιση της οξείας μανίας;,Ποια είναι η άμεση αντιμετώπιση της οξείας μανίας;,keep,,,
oral_core_004_fu06,10,clinical,Τι κάνετε αν ο ασθενής αρνείται νοσηλεία αλλά υπάρχει σοβαρός κίνδυνος;,Πώς προσεγγίζετε ασθενή με οξεία μανία που αρνείται νοσηλεία ενώ υπάρχει σοβαρός κίνδυνος;,revised,,,
oral_core_004_fu07,10,clinical,"Ποιος είναι ο ρόλος λιθίου, βαλπροϊκού και αντιψυχωσικών στην οξεία μανία;","Ποιος είναι ο ρόλος λιθίου, βαλπροϊκού και αντιψυχωσικών στην οξεία μανία;",keep,,,
oral_core_005,10,clinical,Ασθενής με υποτροπιάζοντα επεισόδια κατάθλιψης αναφέρει περιόδους αυξημένης ενέργειας και μειωμένης ανάγκης για ύπνο. Τι θέλετε να διευκρινίσετε;,Ασθενής με υποτροπιάζοντα επεισόδια κατάθλιψης αναφέρει περιόδους αυξημένης ενέργειας και μειωμένης ανάγκης για ύπνο. Τι θέλετε να διευκρινίσετε;,keep,,,
oral_core_005_fu01,10,clinical,Πώς διαφοροποιείται η διπολική διαταραχή τύπου Ι από τη διπολική διαταραχή τύπου ΙΙ;,Πώς διαφοροποιείται η διπολική διαταραχή τύπου Ι από τη διπολική διαταραχή τύπου ΙΙ;,keep,,,
oral_core_005_fu02,10,clinical,Πώς θα διαφοροποιήσετε διπολική κατάθλιψη από μονοπολική κατάθλιψη;,Πώς θα διαφοροποιήσετε διπολική κατάθλιψη από μονοπολική κατάθλιψη;,keep,,,
oral_core_005_fu03,10,clinical,Γιατί πρέπει να είμαστε προσεκτικοί με τα αντικαταθλιπτικά σε διπολική διαταραχή;,Γιατί πρέπει να είμαστε προσεκτικοί με τα αντικαταθλιπτικά σε διπολική διαταραχή;,keep,,,
oral_core_005_fu04,10,clinical,Τι παρακολούθηση χρειάζεται ένας ασθενής που λαμβάνει λίθιο;,Τι παρακολούθηση χρειάζεται ένας ασθενής που λαμβάνει λίθιο;,retired_approved,Εγκρίθηκε και αποσύρθηκε από την ενεργή τράπεζα,"Ισχυρή επικάλυψη του ζητούμενου με υπάρχουσα ερώτηση. Πριν αποσυρθεί, ελέγξτε και μεταφέρετε όποιο διακριτό σημείο της απάντησης αξίζει να διατηρηθεί.",oral_core_021_fu02
oral_core_005_fu05,10,clinical,Τι αλλάζει στη θεραπεία διπολικής διαταραχής σε εγκυμοσύνη;,Τι αλλάζει στη θεραπεία διπολικής διαταραχής σε εγκυμοσύνη;,keep,,,
oral_core_006,9,clinical,"Ασθενής προσέρχεται με χαμηλή διάθεση, ανηδονία και λειτουργική έκπτωση. Ποια είναι τα πρώτα κρίσιμα ερωτήματα στην εκτίμησή σας;","Ασθενής προσέρχεται με χαμηλή διάθεση, ανηδονία και λειτουργική έκπτωση. Ποια είναι τα πρώτα κρίσιμα ερωτήματα στην εκτίμησή σας;",keep,,,
oral_core_006_fu01,9,clinical,Ποια είναι τα βασικά διαγνωστικά κριτήρια μείζονος καταθλιπτικού επεισοδίου;,Ποια είναι τα βασικά διαγνωστικά κριτήρια μείζονος καταθλιπτικού επεισοδίου;,keep,,,
oral_core_006_fu02,9,clinical,Πώς αξιολογείτε τον αυτοκτονικό κίνδυνο σε καταθλιπτικό ασθενή;,Πώς αξιολογείτε τον αυτοκτονικό κίνδυνο σε καταθλιπτικό ασθενή;,keep,,,
oral_core_006_fu03,9,clinical,Ποια είναι η διαφορική διάγνωση της κατάθλιψης;,Ποια είναι η διαφορική διάγνωση της κατάθλιψης;,keep,,,
oral_core_006_fu04,9,clinical,Πώς αποφασίζετε μεταξύ εξωνοσοκομειακής παρακολούθησης και νοσηλείας;,"Σε ασθενή με μείζον καταθλιπτικό επεισόδιο, πώς αποφασίζετε μεταξύ εξωνοσοκομειακής παρακολούθησης και νοσηλείας;",revised,,,
oral_core_006_fu05,9,clinical,Πώς επιλέγετε αντικαταθλιπτικό στην κατάθλιψη;,Πώς επιλέγετε αντικαταθλιπτικό στην κατάθλιψη;,keep,,,
oral_core_006_fu06,9,clinical,Τι κάνετε σε μερική ή μη ανταπόκριση σε αντικαταθλιπτικό;,"Σε ασθενή με κατάθλιψη, τι ελέγχετε και πώς προχωράτε όταν υπάρχει μερική ή μη ανταπόκριση σε αντικαταθλιπτικό;",revised,,,
oral_core_006_fu07,9,clinical,Πότε έχει ένδειξη η ηλεκτροσπασμοθεραπεία στην κατάθλιψη;,Πότε έχει ένδειξη η ηλεκτροσπασμοθεραπεία στην κατάθλιψη;,keep,,,
oral_core_007,21,clinical,Ασθενής με κατάθλιψη αναφέρει ότι δεν αντέχει άλλο και έχει σκεφτεί να βάλει τέλος στη ζωή του. Πώς τον αξιολογείτε και τι κάνετε;,Ασθενής με κατάθλιψη αναφέρει ότι δεν αντέχει άλλο και έχει σκεφτεί να βάλει τέλος στη ζωή του. Πώς τον αξιολογείτε και τι κάνετε;,keep,,,
oral_core_007_fu01,21,clinical,Ποια στοιχεία πρέπει να περιλαμβάνει μια πλήρης εκτίμηση αυτοκτονικού κινδύνου;,Ποια στοιχεία πρέπει να περιλαμβάνει μια πλήρης εκτίμηση αυτοκτονικού κινδύνου;,keep,,,
oral_core_007_fu02,21,clinical,Τι κάνετε αν υπάρχει ενεργός αυτοκτονικός ιδεασμός με σχέδιο και πρόσβαση σε μέσα;,Τι κάνετε αν υπάρχει ενεργός αυτοκτονικός ιδεασμός με σχέδιο και πρόσβαση σε μέσα;,keep,,,
oral_core_007_fu03,21,clinical,Πώς αξιολογείτε ικανότητα λήψης αποφάσεων σε ασθενή που αρνείται νοσηλεία;,Πώς αξιολογείτε την ικανότητα λήψης απόφασης για νοσηλεία σε ασθενή με αυτοκτονικό ιδεασμό που αρνείται να νοσηλευτεί;,revised,,,
oral_core_007_fu04,21,clinical,Ποια προστατευτικά μέτρα λαμβάνετε άμεσα;,Ποια άμεσα μέτρα ασφάλειας λαμβάνετε για ασθενή με ενεργό αυτοκτονικό ιδεασμό;,revised,,,
oral_core_007_fu05,21,clinical,Γιατί δεν αρκεί να ρωτήσουμε απλώς “έχετε αυτοκτονικές σκέψεις;”;,Γιατί δεν αρκεί να ρωτήσουμε απλώς “έχετε αυτοκτονικές σκέψεις;”;,retired_approved,Εγκρίθηκε και αποσύρθηκε από την ενεργή τράπεζα,Επαναλαμβάνει την πλήρη διερεύνηση αυτοκτονικού κινδύνου με ρητορική διατύπωση. Η βασική αρχή αξίζει να μείνει μέσα στην απάντηση.,oral_core_007_fu01
oral_core_008,8,clinical,"Γυναίκα 55 ετών προσέρχεται με ταχυκαρδία, δύσπνοια, βάρος στο στήθος και φόβο ότι θα πεθάνει. Τι πρέπει να αποκλειστεί πριν μιλήσετε για κρίση πανικού;","Γυναίκα 55 ετών προσέρχεται με ταχυκαρδία, δύσπνοια, βάρος στο στήθος και φόβο ότι θα πεθάνει. Τι πρέπει να αποκλειστεί πριν μιλήσετε για κρίση πανικού;",keep,,,
oral_core_008_fu01,8,clinical,Ποια οργανικά αίτια πρέπει να αποκλειστούν πριν αποδοθεί η εικόνα σε κρίση πανικού;,Ποια οργανικά αίτια πρέπει να αποκλειστούν πριν αποδοθεί η εικόνα σε κρίση πανικού;,retired_approved,Εγκρίθηκε και αποσύρθηκε από την ενεργή τράπεζα,"Ισχυρή επικάλυψη του ζητούμενου με υπάρχουσα ερώτηση. Πριν αποσυρθεί, ελέγξτε και μεταφέρετε όποιο διακριτό σημείο της απάντησης αξίζει να διατηρηθεί.",oral_core_008
oral_core_008_fu02,8,clinical,Ποια είναι τα χαρακτηριστικά της κρίσης πανικού και της διαταραχής πανικού;,Ποια είναι τα χαρακτηριστικά της κρίσης πανικού και της διαταραχής πανικού;,keep,,,
oral_core_008_fu03,8,clinical,"Πώς διαφοροποιείτε διαταραχή πανικού, αγοραφοβία, κοινωνική φοβία και γενικευμένη αγχώδη διαταραχή;","Πώς διαφοροποιείτε διαταραχή πανικού, αγοραφοβία, κοινωνική φοβία και γενικευμένη αγχώδη διαταραχή;",keep,,,
oral_core_008_fu04,8,clinical,Ποια είναι η θεραπεία πρώτης γραμμής στη διαταραχή πανικού;,Ποια είναι η θεραπεία πρώτης γραμμής στη διαταραχή πανικού;,keep,,,
oral_core_008_fu05,8,clinical,Ποιος είναι ο ρόλος των βενζοδιαζεπινών στη διαταραχή πανικού;,Ποιος είναι ο ρόλος των βενζοδιαζεπινών στη διαταραχή πανικού;,keep,,,
oral_core_009,8,clinical,Ασθενής αναφέρει επαναλαμβανόμενες ανεπιθύμητες σκέψεις και τελετουργίες που του καταναλώνουν ώρες. Τι θέλετε να διευκρινίσετε;,Ασθενής αναφέρει επαναλαμβανόμενες ανεπιθύμητες σκέψεις και τελετουργίες που του καταναλώνουν ώρες. Τι θέλετε να διευκρινίσετε;,keep,,,
oral_core_009_fu01,8,clinical,Τι είναι οι ιδεοληψίες και τι είναι οι καταναγκασμοί;,Τι είναι οι ιδεοληψίες και τι είναι οι καταναγκασμοί;,keep,,,
oral_core_009_fu02,8,clinical,Πώς διαφοροποιείτε ιδεοληψίες από παραληρητικές ιδέες;,Πώς διαφοροποιείτε ιδεοληψίες από παραληρητικές ιδέες;,keep,,,
oral_core_009_fu03,8,clinical,Πώς διαφοροποιείται η ΙΨΔ από την ιδεοψυχαναγκαστική διαταραχή προσωπικότητας;,Πώς διαφοροποιείται η ΙΨΔ από την ιδεοψυχαναγκαστική διαταραχή προσωπικότητας;,keep,,,
oral_core_009_fu04,8,clinical,Ποια είναι η θεραπεία πρώτης γραμμής της ΙΨΔ;,Ποια είναι η θεραπεία πρώτης γραμμής της ΙΨΔ;,keep,,,
oral_core_009_fu05,8,clinical,Τι κάνετε σε ΙΨΔ που δεν ανταποκρίνεται επαρκώς σε SSRI και ERP;,Τι κάνετε σε ΙΨΔ που δεν ανταποκρίνεται επαρκώς σε SSRI και ERP;,keep,,,
oral_core_010,7,clinical,"Ασθενής μετά από τραυματικό γεγονός αναφέρει εφιάλτες, αποφυγή και υπερεπαγρύπνηση. Ποια στοιχεία θα αναζητήσετε πρώτα;","Ασθενής μετά από τραυματικό γεγονός αναφέρει εφιάλτες, αποφυγή και υπερεπαγρύπνηση. Ποια στοιχεία θα αναζητήσετε πρώτα;",keep,,,
oral_core_010_fu01,7,clinical,Ποια είναι τα βασικά συμπτωματικά clusters του PTSD;,Ποια είναι τα βασικά συμπτωματικά clusters του PTSD;,keep,,,
oral_core_010_fu02,7,clinical,Πώς διαφοροποιείτε PTSD από οξεία αντίδραση στο στρες και διαταραχή προσαρμογής;,Πώς διαφοροποιείτε PTSD από οξεία αντίδραση στο στρες και διαταραχή προσαρμογής;,keep,,,
oral_core_010_fu03,7,clinical,Τι κινδύνους πρέπει να αξιολογήσετε σε ασθενή με PTSD;,Τι κινδύνους πρέπει να αξιολογήσετε σε ασθενή με PTSD;,keep,,,
oral_core_010_fu04,7,clinical,Ποιες ψυχοθεραπευτικές παρεμβάσεις έχουν ένδειξη στο PTSD;,Ποιες ψυχοθεραπευτικές παρεμβάσεις έχουν ένδειξη στο PTSD;,keep,,,
oral_core_010_fu05,7,clinical,Γιατί δεν ξεκινάμε πάντα άμεσα επεξεργασία τραύματος σε κάθε ασθενή με ιστορικό τραύματος;,Γιατί δεν ξεκινάμε πάντα άμεσα επεξεργασία τραύματος σε κάθε ασθενή με ιστορικό τραύματος;,keep,,,
oral_core_011,14,clinical,"Ηλικιωμένος ασθενής εμφανίζει οξεία σύγχυση, διακύμανση επιπέδου συνείδησης και οπτικές ψευδαισθήσεις. Πώς θα τον προσεγγίσετε;","Ηλικιωμένος ασθενής εμφανίζει οξεία σύγχυση, διακύμανση επιπέδου συνείδησης και οπτικές ψευδαισθήσεις. Πώς θα τον προσεγγίσετε;",keep,,,
oral_core_011_fu01,14,clinical,Ποια είναι τα βασικά κλινικά χαρακτηριστικά του delirium;,Ποια είναι τα βασικά κλινικά χαρακτηριστικά του delirium;,keep,,,
oral_core_011_fu02,14,clinical,"Πώς διαφοροποιείται το delirium από άνοια, κατάθλιψη και ψύχωση;","Πώς διαφοροποιείται το delirium από άνοια, κατάθλιψη και ψύχωση;",keep,,,
oral_core_011_fu03,14,clinical,Ποια αίτια delirium πρέπει να αναζητήσετε επειγόντως;,Ποια αίτια delirium πρέπει να αναζητήσετε επειγόντως;,keep,,,
oral_core_011_fu04,14,clinical,Ποια είναι η βασική αντιμετώπιση του delirium;,Ποια είναι η βασική αντιμετώπιση του delirium;,keep,,,
oral_core_011_fu05,14,clinical,Πότε και πώς χρησιμοποιούνται αντιψυχωσικά στο delirium;,Πότε και πώς χρησιμοποιούνται αντιψυχωσικά στο delirium;,keep,,,
oral_core_011_fu06,14,clinical,Γιατί το delirium είναι επείγουσα ιατρική κατάσταση και όχι απλώς ψυχιατρικό σύμπτωμα;,Γιατί το delirium είναι επείγουσα ιατρική κατάσταση και όχι απλώς ψυχιατρικό σύμπτωμα;,retired_approved,Εγκρίθηκε και αποσύρθηκε από την ενεργή τράπεζα,Η ανάγκη επείγουσας σωματικής διερεύνησης μπορεί να μείνει ως βασικό σημείο στην ολοκληρωμένη ερώτηση για ντελίριο.,oral_core_011
oral_core_012,14,clinical,Συγγενείς αναφέρουν προοδευτική έκπτωση μνήμης και λειτουργικότητας σε ηλικιωμένο ασθενή. Ποια είναι τα πρώτα βήματα της εκτίμησής σας;,Συγγενείς αναφέρουν προοδευτική έκπτωση μνήμης και λειτουργικότητας σε ηλικιωμένο ασθενή. Ποια είναι τα πρώτα βήματα της εκτίμησής σας;,keep,,,
oral_core_012_fu01,14,clinical,Ποια γνωστικά και λειτουργικά στοιχεία χρειάζονται για τη διάγνωση μείζονος νευρογνωστικής διαταραχής;,Ποια γνωστικά και λειτουργικά στοιχεία χρειάζονται για τη διάγνωση μείζονος νευρογνωστικής διαταραχής;,keep,,,
oral_core_012_fu02,14,clinical,"Πώς διαφοροποιείτε άνοια, delirium και κατάθλιψη ψευδοάνοιας;","Πώς διαφοροποιείτε άνοια, delirium και κατάθλιψη ψευδοάνοιας;",retired_approved,Εγκρίθηκε και αποσύρθηκε από την ενεργή τράπεζα,"Ισχυρή επικάλυψη του ζητούμενου με υπάρχουσα ερώτηση. Πριν αποσυρθεί, ελέγξτε και μεταφέρετε όποιο διακριτό σημείο της απάντησης αξίζει να διατηρηθεί.",1B3
oral_core_012_fu03,14,clinical,Ποιος είναι ο ρόλος του MMSE ή άλλων γνωστικών δοκιμασιών;,Ποιος είναι ο ρόλος του MMSE και άλλων γνωστικών δοκιμασιών στην εκτίμηση ασθενούς με πιθανή άνοια;,revised,,,
oral_core_012_fu04,14,clinical,Ποιες αναστρέψιμες αιτίες γνωστικής έκπτωσης πρέπει να αποκλειστούν;,Ποιες αναστρέψιμες αιτίες γνωστικής έκπτωσης πρέπει να αποκλειστούν;,keep,,,
oral_core_012_fu05,14,clinical,Πώς αντιμετωπίζετε συμπεριφορικά και ψυχολογικά συμπτώματα άνοιας;,Πώς αντιμετωπίζετε συμπεριφορικά και ψυχολογικά συμπτώματα άνοιας;,keep,,,
oral_core_012_fu06,14,clinical,"Τι ζητήματα ικανότητας, συγκατάθεσης και φροντιστή προκύπτουν σε ασθενή με άνοια;","Τι ζητήματα ικανότητας, συγκατάθεσης και φροντιστή προκύπτουν σε ασθενή με άνοια;",keep,,,
oral_core_013,14,clinical,"Νεαρή γυναίκα εμφανίζει οξεία ψύχωση, επιληπτικές κρίσεις, δυσκινησίες, διακύμανση συνείδησης και αυτόνομη αστάθεια. Πώς θα την προσεγγίσετε;","Νεαρή γυναίκα εμφανίζει οξεία ψύχωση, επιληπτικές κρίσεις, δυσκινησίες, διακύμανση συνείδησης και αυτόνομη αστάθεια. Πώς θα την προσεγγίσετε;",keep,,,
oral_core_013_fu01,14,clinical,Ποια στοιχεία είναι red flags για οργανική αιτιολογία ψύχωσης;,Ποια στοιχεία είναι red flags για οργανική αιτιολογία ψύχωσης;,keep,,,
oral_core_013_fu02,14,clinical,Ποιες νευρολογικές και σωματικές καταστάσεις μπορούν να μιμηθούν ψύχωση;,Ποιες νευρολογικές και σωματικές καταστάσεις μπορούν να μιμηθούν ψύχωση;,keep,,,
oral_core_013_fu03,14,clinical,Τι εξετάσεις θα ζητούσατε επειγόντως σε ύποπτη οργανική ψύχωση;,Τι εξετάσεις θα ζητούσατε επειγόντως σε ύποπτη οργανική ψύχωση;,keep,,,
oral_core_013_fu04,14,clinical,Γιατί μπορεί να είναι επικίνδυνο να αντιμετωπιστεί η εικόνα αυτή ως απλή πρωτοπαθής ψύχωση;,"Σε ασθενή με οξεία ψύχωση, επιληπτικές κρίσεις, δυσκινησίες και αυτόνομη αστάθεια, ποιοι κίνδυνοι προκύπτουν αν αποδώσετε την εικόνα αποκλειστικά σε πρωτοπαθή ψυχωτική διαταραχή;",retired_approved,Εγκρίθηκε και αποσύρθηκε από την ενεργή τράπεζα,Επαναλαμβάνει τις συνέπειες καθυστέρησης που ανήκουν στην εκτίμηση πιθανής οργανικής ψύχωσης/εγκεφαλίτιδας.,oral_core_013
oral_core_014,20,clinical,Ασθενής με βαριά χρήση αλκοόλ προσέρχεται για βοήθεια και φοβάστε επικείμενη στέρηση. Ποια είναι τα πρώτα πρακτικά βήματα;,Ασθενής με βαριά χρήση αλκοόλ προσέρχεται για βοήθεια και φοβάστε επικείμενη στέρηση. Ποια είναι τα πρώτα πρακτικά βήματα;,keep,,,
oral_core_014_fu01,20,clinical,Ποια στοιχεία υποστηρίζουν διάγνωση διαταραχής χρήσης αλκοόλ;,Ποια στοιχεία υποστηρίζουν διάγνωση διαταραχής χρήσης αλκοόλ;,keep,,,
oral_core_014_fu02,20,clinical,Ποιοι είναι οι κίνδυνοι της στέρησης αλκοόλ;,Ποιοι είναι οι κίνδυνοι της στέρησης αλκοόλ;,keep,,,
oral_core_014_fu03,20,clinical,Πώς αντιμετωπίζεται η οξεία στέρηση αλκοόλ;,Πώς αντιμετωπίζεται η οξεία στέρηση αλκοόλ;,keep,,,
oral_core_014_fu04,20,clinical,Γιατί χορηγούμε θειαμίνη και πότε σε σχέση με τη γλυκόζη;,Γιατί χορηγούμε θειαμίνη και πότε σε σχέση με τη γλυκόζη;,keep,,,
oral_core_014_fu05,20,clinical,Ποιες φαρμακευτικές επιλογές υπάρχουν για πρόληψη υποτροπής στη διαταραχή χρήσης αλκοόλ;,Ποιες φαρμακευτικές επιλογές υπάρχουν για πρόληψη υποτροπής στη διαταραχή χρήσης αλκοόλ;,keep,,,
oral_core_014_fu06,20,clinical,Ποια βενζοδιαζεπίνη προτιμάται σε στέρηση αλκοόλ με σοβαρή ηπατική δυσλειτουργία;,Ποια βενζοδιαζεπίνη προτιμάται σε στέρηση αλκοόλ με σοβαρή ηπατική δυσλειτουργία;,keep,,,
oral_core_015,20,clinical,Πώς διαφοροποιείτε ουσιοεπαγόμενη ψύχωση από πρωτοπαθή ψυχωτική διαταραχή;,Πώς διαφοροποιείτε ουσιοεπαγόμενη ψύχωση από πρωτοπαθή ψυχωτική διαταραχή;,keep,,,
oral_core_015_fu01,20,clinical,Ποια στοιχεία του ιστορικού ουσιών πρέπει να πάρετε;,Ποια στοιχεία του ιστορικού χρήσης ουσιών και φαρμάκων αναζητάτε σε ασθενή με ψυχωτικά συμπτώματα;,revised,,,
oral_core_015_fu02,20,clinical,Ποιος είναι ο ρόλος της τοξικολογικής εξέτασης ούρων;,Ποιος είναι ο ρόλος και οι περιορισμοί της τοξικολογικής εξέτασης ούρων στη διερεύνηση πιθανής ουσιοεπαγόμενης ψύχωσης;,revised,,,
oral_core_015_fu03,20,clinical,Ποιες ουσίες μπορούν συχνά να προκαλέσουν ψυχωτική συμπτωματολογία;,Ποιες ουσίες μπορούν συχνά να προκαλέσουν ψυχωτική συμπτωματολογία;,keep,,,
oral_core_015_fu04,20,clinical,Ποια είναι η άμεση αντιμετώπιση οξείας ουσιοεπαγόμενης ψύχωσης;,Ποια είναι η άμεση αντιμετώπιση οξείας ουσιοεπαγόμενης ψύχωσης;,keep,,,
oral_core_015_fu05,20,clinical,Πότε αρχίζετε να υποψιάζεστε ότι δεν πρόκειται μόνο για ουσιοεπαγόμενη κατάσταση αλλά για πρωτοπαθή ψύχωση;,Πότε αρχίζετε να υποψιάζεστε ότι δεν πρόκειται μόνο για ουσιοεπαγόμενη κατάσταση αλλά για πρωτοπαθή ψύχωση;,keep,,,
oral_core_016,3,clinical,"Ασθενής στα ΤΕΠ είναι έντονα διεγερτικός, απειλητικός και αρνείται συνεργασία. Πώς τον αντιμετωπίζετε;","Ασθενής στα ΤΕΠ είναι έντονα διεγερτικός, απειλητικός και αρνείται συνεργασία. Πώς τον αντιμετωπίζετε;",keep,,,
oral_core_016_fu01,3,clinical,Πώς αξιολογείτε άμεσα τον κίνδυνο βίας;,Πώς αξιολογείτε άμεσα τον κίνδυνο βίας σε διεγερτικό και απειλητικό ασθενή στα ΤΕΠ;,revised,,,
oral_core_016_fu02,3,clinical,"Ποια οργανικά, τοξικά ή στερητικά αίτια διέγερσης πρέπει να αποκλείσετε;","Ποια οργανικά, τοξικά ή στερητικά αίτια διέγερσης πρέπει να αποκλείσετε;",keep,,,
oral_core_016_fu03,3,clinical,Ποια είναι η κλιμάκωση από λεκτική αποκλιμάκωση μέχρι φαρμακευτική καταστολή;,"Σε ασθενή με σοβαρή διέγερση στα ΤΕΠ, πώς κλιμακώνετε την αντιμετώπιση από τη λεκτική αποκλιμάκωση μέχρι τη φαρμακευτική καταστολή;",revised,,,
oral_core_016_fu04,3,clinical,Ποια νομικά και δεοντολογικά ζητήματα προκύπτουν με περιοριστικά μέτρα;,Ποια νομικά και δεοντολογικά ζητήματα εξετάζετε πριν και κατά τη χρήση περιοριστικών μέτρων σε διεγερτικό ασθενή;,revised,,,
oral_core_016_fu05,3,clinical,"Πώς αποφεύγετε να αντιμετωπίσετε ως “ψυχιατρικό” ένα περιστατικό που είναι delirium, υπογλυκαιμία ή τοξίκωση;","Πώς αποφεύγετε να αντιμετωπίσετε ως “ψυχιατρικό” ένα περιστατικό που είναι delirium, υπογλυκαιμία ή τοξίκωση;",keep,,,
oral_core_017,1,clinical,"Ασθενής εμφανίζει ακινησία, αλαλία, κηρώδη ευκαμψία και αρνητισμό. Πώς θα προσεγγίσετε την πιθανή κατατονία;","Ασθενής εμφανίζει ακινησία, αλαλία, κηρώδη ευκαμψία και αρνητισμό. Πώς θα προσεγγίσετε την πιθανή κατατονία;",keep,,,
oral_core_017_fu01,1,clinical,Ποια είναι τα κλινικά σημεία της κατατονίας;,Ποια είναι τα κλινικά σημεία της κατατονίας;,keep,,,
oral_core_017_fu02,1,clinical,Ποια είναι η διαφορική διάγνωση της κατατονίας;,Ποια είναι η διαφορική διάγνωση της κατατονίας;,keep,,,
oral_core_017_fu03,1,clinical,Ποιος είναι ο ρόλος της λοραζεπάμης στην κατατονία;,Ποιος είναι ο ρόλος της λοραζεπάμης στην κατατονία;,keep,,,
oral_core_017_fu04,1,clinical,Πότε έχει ένδειξη η ECT στην κατατονία;,Πότε έχει ένδειξη η ECT στην κατατονία;,keep,,,
oral_core_017_fu05,1,clinical,Γιατί μπορεί να είναι επικίνδυνη η άκριτη χορήγηση αντιψυχωσικού σε κατατονία;,Γιατί μπορεί να είναι επικίνδυνη η άκριτη χορήγηση αντιψυχωσικού σε κατατονία;,keep,,,
oral_core_018,25,clinical,Πώς διαφοροποιείτε νευροληπτικό κακοήθες σύνδρομο από σύνδρομο σεροτονίνης;,Πώς διαφοροποιείτε νευροληπτικό κακοήθες σύνδρομο από σύνδρομο σεροτονίνης;,keep,,,
oral_core_018_fu01,25,clinical,Ποια είναι τα βασικά χαρακτηριστικά του νευροληπτικού κακοήθους συνδρόμου;,Ποια είναι τα βασικά χαρακτηριστικά του νευροληπτικού κακοήθους συνδρόμου;,keep,,,
oral_core_018_fu02,25,clinical,Ποια είναι τα βασικά χαρακτηριστικά του συνδρόμου σεροτονίνης;,Ποια είναι τα βασικά χαρακτηριστικά του συνδρόμου σεροτονίνης;,keep,,,
oral_core_018_fu03,25,clinical,Ποια σημεία βοηθούν περισσότερο στη διαφορική διάγνωση μεταξύ των δύο;,Ποια σημεία βοηθούν περισσότερο στη διαφορική διάγνωση μεταξύ των δύο;,keep,,,
oral_core_018_fu04,25,clinical,Ποια είναι η άμεση αντιμετώπιση του νευροληπτικού κακοήθους συνδρόμου;,Ποια είναι η άμεση αντιμετώπιση του νευροληπτικού κακοήθους συνδρόμου;,keep,,,
oral_core_018_fu05,25,clinical,Ποια είναι η άμεση αντιμετώπιση του συνδρόμου σεροτονίνης;,Ποια είναι η άμεση αντιμετώπιση του συνδρόμου σεροτονίνης;,keep,,,
oral_core_019,25,clinical,Ασθενής χρειάζεται έναρξη αντικαταθλιπτικού. Ποια στοιχεία θα καθορίσουν την επιλογή και την ασφάλεια της αγωγής;,Ασθενής χρειάζεται έναρξη αντικαταθλιπτικού. Ποια στοιχεία θα καθορίσουν την επιλογή και την ασφάλεια της αγωγής;,keep,,,
oral_core_019_fu01,25,clinical,"Ποιες είναι οι βασικές διαφορές μεταξύ SSRI, SNRI, τρικυκλικών, μιρταζαπίνης και βουπροπιόνης;","Ποιες είναι οι βασικές διαφορές μεταξύ SSRI, SNRI, τρικυκλικών, μιρταζαπίνης και βουπροπιόνης;",keep,,,
oral_core_019_fu02,25,clinical,Τι παρακολουθείτε μετά την έναρξη αντικαταθλιπτικού;,Τι παρακολουθείτε μετά την έναρξη αντικαταθλιπτικού;,keep,,,
oral_core_019_fu03,25,clinical,Πώς προλαμβάνετε την ενεργοποίηση μανίας σε ασθενή με πιθανή διπολικότητα;,Πώς προλαμβάνετε την ενεργοποίηση μανίας σε ασθενή με πιθανή διπολικότητα;,keep,,,
oral_core_019_fu04,25,clinical,Πώς χειρίζεστε σεξουαλική δυσλειτουργία από SSRI;,Πώς χειρίζεστε σεξουαλική δυσλειτουργία από SSRI;,keep,,,
oral_core_019_fu05,25,clinical,Πώς αλλάζετε αντικαταθλιπτικό με ασφάλεια;,Πώς αλλάζετε αντικαταθλιπτικό με ασφάλεια;,keep,,,
oral_core_020,25,clinical,Ασθενής πρόκειται να ξεκινήσει αντιψυχωσικό. Ποια στοιχεία καθορίζουν την επιλογή και την παρακολούθηση;,Ασθενής πρόκειται να ξεκινήσει αντιψυχωσικό. Ποια στοιχεία καθορίζουν την επιλογή και την παρακολούθηση;,keep,,,
oral_core_020_fu01,25,clinical,Ποιες είναι οι βασικές διαφορές τυπικών και άτυπων αντιψυχωσικών;,Ποιες είναι οι βασικές διαφορές τυπικών και άτυπων αντιψυχωσικών;,keep,,,
oral_core_020_fu02,25,clinical,Τι περιλαμβάνει η μεταβολική παρακολούθηση σε ασθενή που λαμβάνει αντιψυχωσικό;,Τι περιλαμβάνει η μεταβολική παρακολούθηση σε ασθενή που λαμβάνει αντιψυχωσικό;,keep,,,
oral_core_020_fu03,25,clinical,"Πώς αντιμετωπίζετε οξεία δυστονία, παρκινσονισμό και ακαθησία από αντιψυχωσικά;","Πώς αντιμετωπίζετε οξεία δυστονία, παρκινσονισμό και ακαθησία από αντιψυχωσικά;",keep,,,
oral_core_020_fu04,25,clinical,Πώς αντιμετωπίζετε υπερπρολακτιναιμία από αντιψυχωσικό;,Πώς αντιμετωπίζετε υπερπρολακτιναιμία από αντιψυχωσικό;,keep,,,
oral_core_020_fu05,25,clinical,Ποια αντιψυχωσικά έχουν μεγαλύτερο μεταβολικό κίνδυνο και ποια μεγαλύτερο κίνδυνο EPS;,Ποια αντιψυχωσικά έχουν μεγαλύτερο μεταβολικό κίνδυνο και ποια μεγαλύτερο κίνδυνο EPS;,keep,,,
oral_core_021,25,clinical,Ασθενής με διπολική διαταραχή χρειάζεται μακροχρόνια προφύλαξη υποτροπών. Ποια στοιχεία καθορίζουν την επιλογή σταθεροποιητή διάθεσης;,Ασθενής με διπολική διαταραχή χρειάζεται μακροχρόνια προφύλαξη υποτροπών. Ποια στοιχεία καθορίζουν την επιλογή σταθεροποιητή διάθεσης;,keep,,,
oral_core_021_fu01,25,clinical,"Πότε επιλέγετε λίθιο, βαλπροϊκό, καρβαμαζεπίνη ή λαμοτριγίνη;","Πότε επιλέγετε λίθιο, βαλπροϊκό, καρβαμαζεπίνη ή λαμοτριγίνη;",keep,,,
oral_core_021_fu02,25,clinical,Τι παρακολουθείτε με λίθιο;,Τι παρακολουθείτε με λίθιο;,keep,,,
oral_core_021_fu03,25,clinical,Τι παρακολουθείτε με βαλπροϊκό;,Τι παρακολουθείτε με βαλπροϊκό;,keep,,,
oral_core_021_fu04,25,clinical,Πώς αναγνωρίζετε και αντιμετωπίζετε τοξικότητα λιθίου;,Πώς αναγνωρίζετε και αντιμετωπίζετε τοξικότητα λιθίου;,keep,,,
oral_core_021_fu05,25,clinical,Ποια είναι τα βασικά ζητήματα τερατογένεσης με βαλπροϊκό και λίθιο;,Ποια είναι τα βασικά ζητήματα τερατογένεσης με βαλπροϊκό και λίθιο;,keep,,,
oral_core_022,15,clinical,"Νεαρή ασθενής με επαναλαμβανόμενο αυτοτραυματισμό, έντονες διαπροσωπικές σχέσεις, συναισθηματική αστάθεια και φόβο εγκατάλειψης προσέρχεται στα ΤΕΠ. Πώς θα την προσεγγίσετε;","Νεαρή ασθενής με επαναλαμβανόμενο αυτοτραυματισμό, έντονες διαπροσωπικές σχέσεις, συναισθηματική αστάθεια και φόβο εγκατάλειψης προσέρχεται στα ΤΕΠ. Πώς θα την προσεγγίσετε;",keep,,,
oral_core_022_fu01,15,clinical,Ποια είναι τα βασικά χαρακτηριστικά της οριακής διαταραχής προσωπικότητας;,Ποια είναι τα βασικά χαρακτηριστικά της οριακής διαταραχής προσωπικότητας;,keep,,,
oral_core_022_fu02,15,clinical,Πώς αξιολογείτε αυτοκτονικό και αυτοτραυματικό κίνδυνο σε οριακή διαταραχή προσωπικότητας;,Πώς αξιολογείτε αυτοκτονικό και αυτοτραυματικό κίνδυνο σε οριακή διαταραχή προσωπικότητας;,keep,,,
oral_core_022_fu03,15,clinical,Πώς διαφοροποιείτε οριακή διαταραχή προσωπικότητας από διπολική διαταραχή;,Πώς διαφοροποιείτε οριακή διαταραχή προσωπικότητας από διπολική διαταραχή;,keep,,,
oral_core_022_fu04,15,clinical,Ποιες ψυχοθεραπευτικές προσεγγίσεις έχουν τεκμηρίωση στην οριακή διαταραχή προσωπικότητας;,Ποιες ψυχοθεραπευτικές προσεγγίσεις έχουν τεκμηρίωση στην οριακή διαταραχή προσωπικότητας;,keep,,,
oral_core_022_fu05,15,clinical,Τι λάθη πρέπει να αποφεύγονται στη διαχείριση ασθενών με επαναλαμβανόμενο αυτοτραυματισμό;,Τι λάθη πρέπει να αποφεύγονται στη διαχείριση ασθενών με επαναλαμβανόμενο αυτοτραυματισμό;,keep,,,
oral_core_023,15,clinical,"Ασθενής παρουσιάζει χρόνιο δυσλειτουργικό μοτίβο σχέσεων, συναισθηματικής ρύθμισης και συμπεριφοράς. Πώς θα αρχίσετε να σκέφτεστε διαταραχή προσωπικότητας;","Ασθενής παρουσιάζει χρόνιο δυσλειτουργικό μοτίβο σχέσεων, συναισθηματικής ρύθμισης και συμπεριφοράς. Πώς θα αρχίσετε να σκέφτεστε διαταραχή προσωπικότητας;",keep,,,
oral_core_023_fu01,15,clinical,Πώς ορίζεται γενικά μια διαταραχή προσωπικότητας;,Πώς ορίζεται γενικά μια διαταραχή προσωπικότητας;,keep,,,
oral_core_023_fu02,15,clinical,Πώς διαφοροποιείτε διαταραχή προσωπικότητας από επεισοδιακή ψυχιατρική διαταραχή;,Πώς διαφοροποιείτε διαταραχή προσωπικότητας από επεισοδιακή ψυχιατρική διαταραχή;,keep,,,
oral_core_023_fu03,15,clinical,Ποιες είναι οι γενικές αρχές θεραπευτικής προσέγγισης σε διαταραχές προσωπικότητας;,Ποιες είναι οι γενικές αρχές θεραπευτικής προσέγγισης σε διαταραχές προσωπικότητας;,keep,,,
oral_core_023_fu04,15,clinical,Ποιοι κίνδυνοι είναι ιδιαίτερα σημαντικοί στις διαταραχές προσωπικότητας;,Ποιοι κίνδυνοι είναι ιδιαίτερα σημαντικοί στις διαταραχές προσωπικότητας;,keep,,,
oral_core_023_fu05,15,clinical,Γιατί δεν πρέπει να χρησιμοποιείται η διάγνωση διαταραχής προσωπικότητας ως εξήγηση που σταματά την κλινική σκέψη;,Γιατί δεν πρέπει να χρησιμοποιείται η διάγνωση διαταραχής προσωπικότητας ως εξήγηση που σταματά την κλινική σκέψη;,retired_approved,Εγκρίθηκε και αποσύρθηκε από την ενεργή τράπεζα,"Γενική υπόδειξη κατά του πρόωρου διαγνωστικού κλεισίματος, όχι ξεχωριστό εξεταστικό πρόβλημα.",oral_core_023
oral_core_024,13,clinical,"Νεαρή γυναίκα με χαμηλό βάρος, περιοριστική λήψη τροφής, φόβο αύξησης βάρους, αμηνόρροια και λεπτή τριχοφυΐα προσέρχεται για εκτίμηση. Πώς θα την προσεγγίσετε;","Νεαρή γυναίκα με χαμηλό βάρος, περιοριστική λήψη τροφής, φόβο αύξησης βάρους, αμηνόρροια και λεπτή τριχοφυΐα προσέρχεται για εκτίμηση. Πώς θα την προσεγγίσετε;",keep,,,
oral_core_024_fu01,13,clinical,Ποια είναι τα βασικά χαρακτηριστικά της νευρογενούς ανορεξίας;,Ποια είναι τα βασικά χαρακτηριστικά της νευρογενούς ανορεξίας;,keep,,,
oral_core_024_fu02,13,clinical,Ποιοι είναι οι άμεσοι ιατρικοί κίνδυνοι στη νευρογενή ανορεξία;,Ποιοι είναι οι άμεσοι ιατρικοί κίνδυνοι στη νευρογενή ανορεξία;,keep,,,
oral_core_024_fu03,13,clinical,Τι σωματικό και εργαστηριακό έλεγχο χρειάζεται η ασθενής;,Ποια σωματική εξέταση και ποιες εργαστηριακές εξετάσεις χρειάζονται στην αρχική εκτίμηση ασθενούς με νευρογενή ανορεξία;,revised,,,
oral_core_024_fu04,13,clinical,Πότε χρειάζεται νοσηλεία σε διατροφική διαταραχή;,Πότε χρειάζεται νοσηλεία σε διατροφική διαταραχή;,keep,,,
oral_core_024_fu05,13,clinical,Ποιος είναι ο ρόλος της οικογένειας στη θεραπεία εφήβων με νευρογενή ανορεξία;,Ποιος είναι ο ρόλος της οικογένειας στη θεραπεία εφήβων με νευρογενή ανορεξία;,keep,,,
oral_core_024_fu06,13,clinical,Τι είναι το σύνδρομο επανασίτισης και γιατί είναι επικίνδυνο;,Τι είναι το σύνδρομο επανασίτισης και γιατί είναι επικίνδυνο;,keep,,,
oral_core_025,16,clinical,"Παιδί ή ενήλικος εμφανίζει χρόνια απροσεξία, παρορμητικότητα και λειτουργική δυσκολία. Τι πρέπει να τεκμηριώσετε πριν μιλήσετε για ΔΕΠΥ;","Παιδί ή ενήλικος εμφανίζει χρόνια απροσεξία, παρορμητικότητα και λειτουργική δυσκολία. Τι πρέπει να τεκμηριώσετε πριν μιλήσετε για ΔΕΠΥ;",keep,,,
oral_core_025_fu01,16,clinical,Ποια είναι τα βασικά συμπτωματικά πεδία της ΔΕΠΥ;,Ποια είναι τα βασικά συμπτωματικά πεδία της ΔΕΠΥ;,keep,,,
oral_core_025_fu02,16,clinical,Ποια είναι η διαφορική διάγνωση της ΔΕΠΥ σε παιδί και σε ενήλικα;,Ποια είναι η διαφορική διάγνωση της ΔΕΠΥ σε παιδί και σε ενήλικα;,keep,,,
oral_core_025_fu03,16,clinical,"Τι πληροφορίες χρειάζεστε από σχολείο, γονείς και αναπτυξιακό ιστορικό;","Κατά τη διερεύνηση πιθανής ΔΕΠΥ σε παιδί, ποιες πληροφορίες αναζητάτε από γονείς, σχολείο και αναπτυξιακό ιστορικό;",revised,,,
oral_core_025_fu04,16,clinical,Ποιες είναι οι βασικές θεραπευτικές παρεμβάσεις στη ΔΕΠΥ;,Ποιες είναι οι βασικές θεραπευτικές παρεμβάσεις στη ΔΕΠΥ;,keep,,,
oral_core_025_fu05,16,clinical,Ποια είναι η φαρμακευτική θεραπεία της ΔΕΠΥ και τι παρακολουθείτε;,Ποια είναι η φαρμακευτική θεραπεία της ΔΕΠΥ και τι παρακολουθείτε;,keep,,,
oral_core_026,16,clinical,Άτομο παρουσιάζει από παλιά δυσκολίες κοινωνικής επικοινωνίας και άκαμπτα ή επαναλαμβανόμενα μοτίβα συμπεριφοράς. Τι θα αναζητήσετε στην εκτίμηση;,Άτομο παρουσιάζει από παλιά δυσκολίες κοινωνικής επικοινωνίας και άκαμπτα ή επαναλαμβανόμενα μοτίβα συμπεριφοράς. Τι θα αναζητήσετε στην εκτίμηση;,keep,,,
oral_core_026_fu01,16,clinical,Ποια είναι τα βασικά πεδία συμπτωμάτων στη διαταραχή αυτιστικού φάσματος;,Ποια είναι τα βασικά πεδία συμπτωμάτων στη διαταραχή αυτιστικού φάσματος;,keep,,,
oral_core_026_fu02,16,clinical,"Πώς διαφοροποιείται ο αυτισμός από κοινωνική αγχώδη διαταραχή, σχιζοειδή προσωπικότητα και ψύχωση;","Πώς διαφοροποιείται ο αυτισμός από κοινωνική αγχώδη διαταραχή, σχιζοειδή προσωπικότητα και ψύχωση;",keep,,,
oral_core_026_fu03,16,clinical,Τι αναπτυξιακό ιστορικό χρειάζεται στην εκτίμηση αυτισμού;,Τι αναπτυξιακό ιστορικό χρειάζεται στην εκτίμηση αυτισμού;,keep,,,
oral_core_026_fu04,16,clinical,Ποιες είναι οι βασικές αρχές υποστήριξης και παρέμβασης σε αυτισμό;,Ποιες είναι οι βασικές αρχές υποστήριξης και παρέμβασης σε αυτισμό;,keep,,,
oral_core_026_fu05,16,clinical,Πώς μπορεί να διαφέρει η παρουσίαση αυτισμού σε κορίτσια ή ενήλικες με masking;,Πώς μπορεί να διαφέρει η παρουσίαση αυτισμού σε κορίτσια ή ενήλικες με masking;,keep,,,
oral_core_027,16,clinical,Παιδί ή έφηβος εμφανίζει επαναλαμβανόμενες κινήσεις και ήχους που μοιάζουν με τικ. Ποια στοιχεία πρέπει να διευκρινίσετε;,Παιδί ή έφηβος εμφανίζει επαναλαμβανόμενες κινήσεις και ήχους που μοιάζουν με τικ. Ποια στοιχεία πρέπει να διευκρινίσετε;,keep,,,
oral_core_027_fu01,16,clinical,Ποια είναι τα βασικά χαρακτηριστικά του συνδρόμου Tourette;,Ποια είναι τα βασικά χαρακτηριστικά του συνδρόμου Tourette;,keep,,,
oral_core_027_fu02,16,clinical,Ποια είναι η διαφορική διάγνωση των τικ;,Ποια είναι η διαφορική διάγνωση των τικ;,keep,,,
oral_core_027_fu03,16,clinical,Ποιες συννοσηρότητες πρέπει να αξιολογηθούν σε σύνδρομο Tourette;,Ποιες συννοσηρότητες πρέπει να αξιολογηθούν σε σύνδρομο Tourette;,keep,,,
oral_core_027_fu04,16,clinical,Ποια είναι η θεραπευτική προσέγγιση όταν τα τικ προκαλούν σημαντική λειτουργική έκπτωση;,Ποια είναι η θεραπευτική προσέγγιση όταν τα τικ προκαλούν σημαντική λειτουργική έκπτωση;,keep,,,
oral_core_028,24,clinical,Ασθενής σας ρωτά τι περιλαμβάνει πρακτικά μια γνωσιακή-συμπεριφορική θεραπεία. Πώς θα του το εξηγήσετε κλινικά;,Ασθενής σας ρωτά τι περιλαμβάνει πρακτικά μια γνωσιακή-συμπεριφορική θεραπεία. Πώς θα του το εξηγήσετε κλινικά;,keep,,,
oral_core_028_fu01,24,clinical,Ποια είναι η βασική γνωσιακή αρχή στην CBT;,Ποια είναι η βασική γνωσιακή αρχή στην CBT;,keep,,,
oral_core_028_fu02,24,clinical,Ποιες είναι βασικές τεχνικές CBT;,Ποιες είναι βασικές τεχνικές CBT;,keep,,,
oral_core_028_fu03,24,clinical,Ποιος είναι ο ρόλος της έκθεσης στην αγχώδη διαταραχή και στην ΙΨΔ;,Ποιος είναι ο ρόλος της έκθεσης στην αγχώδη διαταραχή και στην ΙΨΔ;,keep,,,
oral_core_028_fu04,24,clinical,Πότε η απλή γνωσιακή αναδόμηση δεν είναι αρκετή ή μπορεί να είναι λάθος επίκεντρο;,"Στη γνωσιακή-συμπεριφορική θεραπεία, σε ποιες κλινικές περιπτώσεις η γνωσιακή αναδόμηση μόνη της δεν επαρκεί και ποιες παρεμβάσεις χρειάζονται;",revised,,,
oral_core_029,24,clinical,Σε θεραπευτική συνάντηση παρατηρείτε έντονα συναισθήματα του ασθενούς προς εσάς και δικές σας ισχυρές αντιδράσεις. Πώς το σκέφτεστε ψυχοδυναμικά;,Σε θεραπευτική συνάντηση παρατηρείτε έντονα συναισθήματα του ασθενούς προς εσάς και δικές σας ισχυρές αντιδράσεις. Πώς το σκέφτεστε ψυχοδυναμικά;,keep,,,
oral_core_029_fu01,24,clinical,Τι είναι μεταβίβαση και τι αντιμεταβίβαση;,Τι είναι μεταβίβαση και τι αντιμεταβίβαση;,keep,,,
oral_core_029_fu02,24,clinical,Τι είναι οι αμυντικοί μηχανισμοί και γιατί έχουν κλινική σημασία;,Τι είναι οι αμυντικοί μηχανισμοί και γιατί έχουν κλινική σημασία;,keep,,,
oral_core_029_fu03,24,clinical,"Πώς διαφοροποιείτε ώριμους, νευρωτικούς και ανώριμους αμυντικούς μηχανισμούς;","Πώς διαφοροποιείτε ώριμους, νευρωτικούς και ανώριμους αμυντικούς μηχανισμούς;",keep,,,
oral_core_029_fu04,24,clinical,Πώς χρησιμοποιείται κλινικά η αντιμεταβίβαση χωρίς να γίνεται αυθαίρετη ερμηνεία;,Πώς χρησιμοποιείται κλινικά η αντιμεταβίβαση χωρίς να γίνεται αυθαίρετη ερμηνεία;,keep,,,
oral_core_030,4,clinical,Πώς αξιολογείτε την ικανότητα ενός ασθενούς να λάβει απόφαση για θεραπεία;,Πώς αξιολογείτε την ικανότητα ενός ασθενούς να λάβει απόφαση για θεραπεία;,keep,,,
oral_core_030_fu01,4,clinical,Ποια είναι τα βασικά στοιχεία της ικανότητας λήψης απόφασης;,Ποια στοιχεία αξιολογείτε για να κρίνετε την ικανότητα ενός ασθενούς να αποφασίσει για συγκεκριμένη θεραπεία;,revised,,,
oral_core_030_fu02,4,clinical,Γιατί η διάγνωση ψυχικής διαταραχής δεν σημαίνει αυτόματα ανικανότητα;,Γιατί η διάγνωση ψυχικής διαταραχής δεν σημαίνει αυτόματα ανικανότητα;,retired_approved,Εγκρίθηκε και αποσύρθηκε από την ενεργή τράπεζα,"Η διάγνωση δεν ισοδυναμεί με ανικανότητα: χρήσιμη αρχή, αλλά μπορεί να ενσωματωθεί στην αξιολόγηση ικανότητας.",oral_core_030
oral_core_030_fu03,4,clinical,Πώς συνδέεται η αξιολόγηση ικανότητας με την εκτίμηση κινδύνου;,Πώς συνεκτιμάτε την ικανότητα λήψης απόφασης για θεραπεία και τον κίνδυνο που συνδέεται με την αποδοχή ή την άρνησή της;,revised,,,
oral_core_030_fu04,4,clinical,Τι πρέπει να τεκμηριώνεται στον φάκελο όταν κρίνεται ότι ο ασθενής δεν έχει ικανότητα για συγκεκριμένη απόφαση;,Τι πρέπει να τεκμηριώνεται στον φάκελο όταν κρίνεται ότι ο ασθενής δεν έχει ικανότητα για συγκεκριμένη απόφαση;,keep,,,
oral_core_031,4,clinical,Πότε σκέφτεστε ακούσια νοσηλεία σε ψυχιατρικό ασθενή;,Πότε σκέφτεστε ακούσια νοσηλεία σε ψυχιατρικό ασθενή;,keep,,,
oral_core_031_fu01,4,clinical,Ποια κλινικά στοιχεία υποστηρίζουν ανάγκη ακούσιας νοσηλείας;,Ποια κλινικά στοιχεία υποστηρίζουν ανάγκη ακούσιας νοσηλείας;,keep,,,
oral_core_031_fu02,4,clinical,"Ποιος κίνδυνος προς εαυτό, προς τρίτους ή σοβαρής αυτοπαραμέλησης πρέπει να αξιολογηθεί;","Όταν εξετάζετε την ανάγκη ακούσιας νοσηλείας, πώς αξιολογείτε τον κίνδυνο για τον ίδιο τον ασθενή, για τρίτους και από σοβαρή αυτοπαραμέληση;",revised,,,
oral_core_031_fu03,4,clinical,Πώς εξηγείτε στον ασθενή και στην οικογένεια την ανάγκη ακούσιας διαδικασίας;,Πώς εξηγείτε στον ασθενή και στην οικογένεια την ανάγκη ακούσιας διαδικασίας;,keep,,,
oral_core_031_fu04,4,clinical,Γιατί η ακούσια νοσηλεία δεν πρέπει να χρησιμοποιείται ως υποκατάστατο κοινωνικής διαχείρισης ή οικογενειακής πίεσης;,Γιατί η ακούσια νοσηλεία δεν πρέπει να χρησιμοποιείται ως υποκατάστατο κοινωνικής διαχείρισης ή οικογενειακής πίεσης;,retired_approved,Εγκρίθηκε και αποσύρθηκε από την ενεργή τράπεζα,Το όριο έναντι οικογενειακής πίεσης/κοινωνικής δυσκολίας πρέπει να παραμείνει στην κύρια ερώτηση ακούσιας νοσηλείας.,oral_core_031
oral_core_032,19,clinical,"Ηλικιωμένος ζει σε ακραία ακαταστασία, συλλέγει αντικείμενα, παραμελεί την υγιεινή του και αρνείται βοήθεια. Πώς θα τον προσεγγίσετε;","Ηλικιωμένος ζει σε ακραία ακαταστασία, συλλέγει αντικείμενα, παραμελεί την υγιεινή του και αρνείται βοήθεια. Πώς θα τον προσεγγίσετε;",keep,,,
oral_core_032_fu01,19,clinical,Ποια είναι η διαφορική διάγνωση σοβαρής αυτοπαραμέλησης σε ηλικιωμένο;,Ποια είναι η διαφορική διάγνωση σοβαρής αυτοπαραμέλησης σε ηλικιωμένο;,keep,,,
oral_core_032_fu02,19,clinical,Ποιους κινδύνους πρέπει να αξιολογήσετε άμεσα;,Ποιους άμεσους κινδύνους αξιολογείτε σε ηλικιωμένο με σοβαρή αυτοπαραμέληση και διαβίωση σε ακραία ακαταστασία;,revised,,,
oral_core_032_fu03,19,clinical,"Πώς αξιολογείτε γνωστική λειτουργία, ψύχωση, κατάθλιψη και λειτουργικότητα;","Σε ηλικιωμένο με σοβαρή αυτοπαραμέληση, πώς αξιολογείτε τη γνωστική λειτουργία, τη λειτουργικότητα και την πιθανή παρουσία ψύχωσης ή κατάθλιψης;",revised,,,
oral_core_032_fu04,19,clinical,"Πότε τίθεται ζήτημα ικανότητας, προστασίας και κοινωνικών υπηρεσιών;","Σε ηλικιωμένο με σοβαρή αυτοπαραμέληση που αρνείται βοήθεια, πότε χρειάζεται εκτίμηση ικανότητας λήψης απόφασης και εμπλοκή κοινωνικών υπηρεσιών;",revised,,,
oral_core_032_fu05,19,clinical,Γιατί η άρνηση βοήθειας δεν αρκεί από μόνη της για να θεωρήσουμε ότι ο ασθενής έχει ικανότητα ή ότι δεν υπάρχει κίνδυνος;,"Σε ηλικιωμένο με σοβαρή αυτοπαραμέληση που αρνείται βοήθεια, γιατί η άρνηση δεν αρκεί για να κρίνετε την ικανότητα λήψης απόφασης ή την ασφάλειά του;",retired_approved,Εγκρίθηκε και αποσύρθηκε από την ενεργή τράπεζα,"Επαναλαμβάνει τη διάκριση άρνησης βοήθειας, ικανότητας και κινδύνου που ήδη ζητά η κύρια περίπτωση.",oral_core_032
oral_core_033,13,clinical,Ασθενής ζητά υπνωτικό για χρόνια αϋπνία. Ποια στοιχεία πρέπει να εκτιμήσετε πριν δώσετε θεραπεία;,Ασθενής ζητά υπνωτικό για χρόνια αϋπνία. Ποια στοιχεία πρέπει να εκτιμήσετε πριν δώσετε θεραπεία;,keep,,,
oral_core_033_fu01,13,clinical,"Ποιες ψυχιατρικές, σωματικές και φαρμακευτικές αιτίες αϋπνίας πρέπει να εξεταστούν;","Ποιες ψυχιατρικές, σωματικές και φαρμακευτικές αιτίες αϋπνίας πρέπει να εξεταστούν;",keep,,,
oral_core_033_fu02,13,clinical,Ποιες μη φαρμακευτικές παρεμβάσεις είναι πρώτης γραμμής στην αϋπνία;,Ποιες μη φαρμακευτικές παρεμβάσεις είναι πρώτης γραμμής στην αϋπνία;,keep,,,
oral_core_033_fu03,13,clinical,Ποιος είναι ο ρόλος και οι κίνδυνοι των υπνωτικών και βενζοδιαζεπινών;,Ποιος είναι ο ρόλος και οι κίνδυνοι των υπνωτικών και των βενζοδιαζεπινών στη θεραπεία της αϋπνίας;,revised,,,
oral_core_033_fu04,13,clinical,Γιατί η χρόνια χορήγηση βενζοδιαζεπινών δεν είναι καλή λύση για χρόνια αϋπνία;,Γιατί η χρόνια χορήγηση βενζοδιαζεπινών δεν είναι καλή λύση για χρόνια αϋπνία;,retired_approved,Εγκρίθηκε και αποσύρθηκε από την ενεργή τράπεζα,Η αποφυγή μακροχρόνιας χρήσης βενζοδιαζεπινών καλύπτεται από την ερώτηση για ρόλο και κινδύνους των υπνωτικών.,oral_core_033_fu03
oral_core_034,22,clinical,Πώς προσεγγίζετε ασθενή με επίμονα σωματικά συμπτώματα χωρίς επαρκή οργανική εξήγηση;,Πώς προσεγγίζετε ασθενή με επίμονα σωματικά συμπτώματα χωρίς επαρκή οργανική εξήγηση;,keep,,,
oral_core_034_fu01,22,clinical,Ποια ψυχιατρική και σωματική διαφορική διάγνωση πρέπει να εξεταστεί;,Ποια σωματικά και ψυχιατρικά αίτια εξετάζετε σε ασθενή με επίμονα σωματικά συμπτώματα χωρίς επαρκή οργανική εξήγηση;,revised,,,
oral_core_034_fu02,22,clinical,Πώς παίρνετε ιστορικό χωρίς να ακυρώνετε την εμπειρία του ασθενούς;,"Πώς λαμβάνετε ιστορικό από ασθενή με επίμονα σωματικά συμπτώματα χωρίς επαρκή οργανική εξήγηση, αναγνωρίζοντας την εμπειρία και τις ανησυχίες του;",revised,,,
oral_core_034_fu03,22,clinical,Ποιες είναι οι βασικές αρχές θεραπευτικής αντιμετώπισης;,Ποιες είναι οι βασικές αρχές θεραπευτικής αντιμετώπισης ασθενούς με επίμονα σωματικά συμπτώματα χωρίς επαρκή οργανική εξήγηση;,revised,,,
oral_core_034_fu04,22,clinical,Γιατί δεν πρέπει να πούμε απλώς “είναι ψυχολογικό”;,"Σε ασθενή με επίμονα σωματικά συμπτώματα χωρίς επαρκή οργανική εξήγηση, ποια προβλήματα δημιουργεί η φράση «είναι ψυχολογικό» και πώς εξηγείτε καλύτερα την κλινική εικόνα;",retired_approved,Εγκρίθηκε και αποσύρθηκε από την ενεργή τράπεζα,Η επικοινωνία με σεβασμό στα σωματικά συμπτώματα καλύπτεται ήδη από τη λήψη ιστορικού· διατήρηση του παραδείγματος εκεί.,oral_core_034_fu02
oral_core_035,1,clinical,Τι εννοούμε με διαταραχές βούλησης και πώς τις διακρίνετε από τις διαταραχές ψυχοκινητικότητας;,Τι εννοούμε με διαταραχές βούλησης και πώς τις διακρίνετε από τις διαταραχές ψυχοκινητικότητας;,keep,,,
oral_core_035_fu01,1,clinical,Τι είναι βούληση και πώς διαφέρει από την ψυχοκινητικότητα;,Τι είναι βούληση και πώς διαφέρει από την ψυχοκινητικότητα;,keep,,,
oral_core_035_fu02,1,clinical,Πώς εξετάζετε κλινικά την ψυχοκινητικότητα;,Πώς εξετάζετε κλινικά την ψυχοκινητικότητα;,keep,,,
oral_core_035_fu03,1,clinical,"Πώς διαφοροποιείτε ψυχοκινητική επιβράδυνση, ψυχοκινητική αναστολή και πλήρη εμβροντησία;","Πώς διαφοροποιείτε ψυχοκινητική επιβράδυνση, ψυχοκινητική αναστολή και πλήρη εμβροντησία;",keep,,,
oral_core_035_fu04,1,clinical,Τι εννοούμε με αστερισμό της κατατονικής ψυχοκινητικότητας;,Τι εννοούμε με αστερισμό της κατατονικής ψυχοκινητικότητας;,keep,,,
oral_core_035_fu05,1,clinical,"Τι είναι εναντίωση, αρνητισμός, καταληψία και κηρώδης ευκαμψία και πώς τα ξεχωρίζετε;","Τι είναι εναντίωση, αρνητισμός, καταληψία και κηρώδης ευκαμψία και πώς τα ξεχωρίζετε;",keep,,,
oral_core_035_fu06,1,clinical,"Τι είναι αμφιβουλησία ή αμφιπραξία, και τι είναι κινητική αμφιτιμία ή αμφιρρέπεια;","Τι είναι αμφιβουλησία ή αμφιπραξία, και τι είναι κινητική αμφιτιμία ή αμφιρρέπεια;",keep,,,
oral_core_035_fu07,1,clinical,Πώς διαφοροποιείτε κλινικά την κατατονία από φαρμακοεπαγόμενο παρκινσονισμό και από ακαθησία;,Πώς διαφοροποιείτε κλινικά την κατατονία από φαρμακοεπαγόμενο παρκινσονισμό και από ακαθησία;,keep,,,
oral_core_036,10,clinical,Πώς διαφοροποιείτε τη διπολική διαταραχή από την οριακή διαταραχή προσωπικότητας;,Πώς διαφοροποιείτε τη διπολική διαταραχή από την οριακή διαταραχή προσωπικότητας;,keep,,,
oral_core_037,10,clinical,Τι είναι το rapid cycling στη διπολική διαταραχή και πώς το προσεγγίζετε κλινικά;,Τι είναι το rapid cycling στη διπολική διαταραχή και πώς το προσεγγίζετε κλινικά;,keep,,,
oral_core_038,25,clinical,"Ποια είναι τα αντιανοϊκά φάρμακα, πότε τα χρησιμοποιείτε και τι παρακολουθείτε;","Ποια είναι τα αντιανοϊκά φάρμακα, πότε τα χρησιμοποιείτε και τι παρακολουθείτε;",keep,,,
oral_core_039,20,clinical,Σε ποιους υποδοχείς δρα κυρίως το LSD και ποια είναι η κλινική εικόνα της χρήσης του;,Σε ποιους υποδοχείς δρα κυρίως το LSD και ποια είναι η κλινική εικόνα της χρήσης του;,keep,,,
oral_challenge_001,3,clinical,Δεν αναφέρατε εκτίμηση κινδύνου. Ποιους κινδύνους θα αξιολογήσετε άμεσα;,Ποια πεδία άμεσου κινδύνου ελέγχετε στην αρχική ψυχιατρική εκτίμηση;,retired_approved,Εγκρίθηκε και αποσύρθηκε από την ενεργή τράπεζα,Γενική υπόδειξη του παλιού προσομοιωτή· δεν εξετάζει συγκεκριμένο περιστατικό ή ξεχωριστό θέμα.,Q1
oral_challenge_002,3,clinical,Ποια οργανικά αίτια πρέπει να αποκλείσετε πριν καταλήξετε σε ψυχιατρική διάγνωση;,Ποιες κατηγορίες σωματικών και νευρολογικών αιτίων εξετάζετε στην πρώτη εμφάνιση ψυχιατρικών συμπτωμάτων;,retired_approved,Εγκρίθηκε και αποσύρθηκε από την ενεργή τράπεζα,Γενική υπόδειξη του παλιού προσομοιωτή· δεν εξετάζει συγκεκριμένο περιστατικό ή ξεχωριστό θέμα.,Q3
oral_challenge_003,3,clinical,Πώς θα ελέγξετε τον ρόλο ουσιών ή στερητικού συνδρόμου στην εικόνα;,"Στην αρχική εκτίμηση ασθενούς με νέα ψυχιατρικά συμπτώματα, πώς διερευνάτε τη συμβολή φαρμάκων, ουσιών ή στερητικού συνδρόμου;",retired_approved,Εγκρίθηκε και αποσύρθηκε από την ενεργή τράπεζα,Γενική υπόδειξη του παλιού προσομοιωτή· δεν εξετάζει συγκεκριμένο περιστατικό ή ξεχωριστό θέμα.,Q3
oral_challenge_004,3,clinical,Ποια είναι η διαφορική διάγνωση και ποιο στοιχείο θα σας έκανε να αλλάξετε γνώμη;,"Πώς οργανώνετε μια ψυχιατρική διαφορική διάγνωση, σταθμίζοντας τα στοιχεία υπέρ και κατά κάθε ενδεχομένου;",retired_approved,Εγκρίθηκε και αποσύρθηκε από την ενεργή τράπεζα,Γενική υπόδειξη του παλιού προσομοιωτή· δεν εξετάζει συγκεκριμένο περιστατικό ή ξεχωριστό θέμα.,Q1
oral_challenge_005,3,clinical,Ποιο είναι το άμεσο πρακτικό σας πλάνο για τις επόμενες ώρες;,Ποια βήματα περιλαμβάνει το αρχικό σχέδιο αντιμετώπισης ενός ψυχιατρικού επείγοντος στις πρώτες ώρες;,retired_approved,Εγκρίθηκε και αποσύρθηκε από την ενεργή τράπεζα,Γενική υπόδειξη του παλιού προσομοιωτή· δεν εξετάζει συγκεκριμένο περιστατικό ή ξεχωριστό θέμα.,Q7
oral_challenge_006,3,clinical,"Αν έπρεπε να πάρετε τώρα μια σαφή κλινική απόφαση, ποια θα ήταν;",Ποιοι παράγοντες καθορίζουν την απόφαση για νοσηλεία ή εξωνοσοκομειακή αντιμετώπιση ενός ψυχιατρικού επείγοντος;,retired_approved,Εγκρίθηκε και αποσύρθηκε από την ενεργή τράπεζα,Γενική υπόδειξη του παλιού προσομοιωτή· δεν εξετάζει συγκεκριμένο περιστατικό ή ξεχωριστό θέμα.,Q7
oral_challenge_007,3,clinical,Υπάρχει ζήτημα ικανότητας ή ανάγκης ακούσιας νοσηλείας σε αυτό το περιστατικό;,"Σε ασθενή που αρνείται αναγκαία ψυχιατρική φροντίδα, πώς διακρίνετε την αξιολόγηση της ικανότητας λήψης απόφασης από την αξιολόγηση της ανάγκης ακούσιας νοσηλείας;",retired_approved,Εγκρίθηκε και αποσύρθηκε από την ενεργή τράπεζα,Γενική υπόδειξη του παλιού προσομοιωτή· δεν εξετάζει συγκεκριμένο περιστατικό ή ξεχωριστό θέμα.,Q8
oral_challenge_008,3,clinical,Τι πρέπει να παρακολουθήσετε μετά την έναρξη της θεραπείας;,Ποια γενικά πεδία παρακολούθησης περιλαμβάνει το σχέδιο μετά την έναρξη ψυχιατρικής θεραπείας;,retired_approved,Εγκρίθηκε και αποσύρθηκε από την ενεργή τράπεζα,Γενική υπόδειξη του παλιού προσομοιωτή· δεν εξετάζει συγκεκριμένο περιστατικό ή ξεχωριστό θέμα.,oral_core_020
oral_challenge_009,3,clinical,Ποια είναι η πιο επικίνδυνη διάγνωση ή επιπλοκή που δεν πρέπει να χάσετε εδώ;,Ποιες απειλητικές για τη ζωή καταστάσεις πρέπει να αναζητάτε σε μια οξεία ψυχιατρική παρουσίαση;,retired_approved,Εγκρίθηκε και αποσύρθηκε από την ενεργή τράπεζα,Γενική υπόδειξη του παλιού προσομοιωτή· δεν εξετάζει συγκεκριμένο περιστατικό ή ξεχωριστό θέμα.,Q3
oral_challenge_010,3,clinical,Ποιο είναι το συχνότερο λάθος που θα μπορούσε να κάνει ένας ειδικευόμενος σε αυτό το περιστατικό;,Ποια συχνά σφάλματα της αρχικής ψυχιατρικής εκτίμησης μπορεί να οδηγήσουν σε πρόωρη διάγνωση ή ανεπαρκές σχέδιο αντιμετώπισης;,retired_approved,Εγκρίθηκε και αποσύρθηκε από την ενεργή τράπεζα,Γενική υπόδειξη του παλιού προσομοιωτή· δεν εξετάζει συγκεκριμένο περιστατικό ή ξεχωριστό θέμα.,Q1
Q1,3,crucial,Πώς προσεγγίζετε έναν νέο ψυχιατρικό ασθενή και πώς οργανώνετε την αρχική εκτίμηση;,Πώς προσεγγίζετε έναν νέο ψυχιατρικό ασθενή και πώς οργανώνετε την αρχική εκτίμηση;,keep,,,
Q2,1,crucial,"Πώς διακρίνετε μια παραληρητική ιδέα, μια υπερτιμημένη ιδέα και μια ιδεοληψία;","Πώς διακρίνετε μια παραληρητική ιδέα, μια υπερτιμημένη ιδέα και μια ιδεοληψία;",keep,,,
Q3,3,crucial,"Όταν εμφανίζονται ψυχιατρικά συμπτώματα για πρώτη φορά, πότε πρέπει να υποψιαστείτε ιατρικό, νευρολογικό, φαρμακευτικό ή σχετιζόμενο με ουσίες αίτιο;","Όταν εμφανίζονται ψυχιατρικά συμπτώματα για πρώτη φορά, πότε πρέπει να υποψιαστείτε ιατρικό, νευρολογικό, φαρμακευτικό ή σχετιζόμενο με ουσίες αίτιο;",keep,,,
Q4,21,crucial,Πώς εκτιμάτε την αυτοκτονική πρόθεση και τον άμεσο κίνδυνο αυτοκτονίας;,Πώς εκτιμάτε την αυτοκτονική πρόθεση και τον άμεσο κίνδυνο αυτοκτονίας;,keep,,,
Q5,21,crucial,Ένας ασθενής επέζησε από απόπειρα αυτοκτονίας. Τι μπορείτε να κάνετε για να μειώσετε τον κίνδυνο επανάληψης;,Ένας ασθενής επέζησε από απόπειρα αυτοκτονίας. Τι μπορείτε να κάνετε για να μειώσετε τον κίνδυνο επανάληψης;,keep,,,
Q6,18,crucial,Πώς εκτιμάτε τον κίνδυνο βίας ή επιθετικότητας;,Πώς εκτιμάτε τον κίνδυνο βίας ή επιθετικότητας;,keep,,,
Q7,3,crucial,Πώς αντιμετωπίζετε τη σοβαρή διέγερση στα επείγοντα;,Πώς αντιμετωπίζετε τη σοβαρή διέγερση στα επείγοντα;,keep,,,
Q8,4,crucial,Πώς εκτιμάτε αν ένας ασθενής μπορεί να δώσει έγκυρη ενημερωμένη συναίνεση;,Πώς εκτιμάτε αν ένας ασθενής μπορεί να δώσει έγκυρη ενημερωμένη συναίνεση;,keep,,,
Q9,4,crucial,Πότε μπορεί ένας ασθενής να νοσηλευτεί ακούσια στην Ελλάδα και ποια είναι η διαδικασία;,Πότε μπορεί ένας ασθενής να νοσηλευτεί ακούσια στην Ελλάδα και ποια είναι η διαδικασία;,keep,,,
Q10,1,crucial,Πώς αναγνωρίζετε την κατατονία και πώς την αντιμετωπίζετε;,Πώς αναγνωρίζετε την κατατονία και πώς την αντιμετωπίζετε;,keep,,,
Q11,11,crucial,"Ένας 23χρονος παρουσιάζει παρανοειδείς ιδέες, ακουστικές ψευδαισθήσεις και κοινωνική απόσυρση. Πώς θα προσεγγίζατε την περίπτωση;","Ένας 23χρονος παρουσιάζει παρανοειδείς ιδέες, ακουστικές ψευδαισθήσεις και κοινωνική απόσυρση. Πώς θα προσεγγίζατε την περίπτωση;",keep,,,
Q12,11,crucial,Περιγράψτε την κλινική εικόνα και τη διάγνωση της σχιζοφρένειας.,Περιγράψτε την κλινική εικόνα και τη διάγνωση της σχιζοφρένειας.,keep,,,
Q13,11,crucial,Πώς διακρίνετε τη σχιζοφρένεια από τη σχιζοσυναισθηματική διαταραχή και από μια διαταραχή διάθεσης με ψυχωτικά συμπτώματα;,Πώς διακρίνετε τη σχιζοφρένεια από τη σχιζοσυναισθηματική διαταραχή και από μια διαταραχή διάθεσης με ψυχωτικά συμπτώματα;,keep,,,
Q14,5,crucial,Τι γνωρίζουμε για τη νευροβιολογία της σχιζοφρένειας;,Τι γνωρίζουμε για τη νευροβιολογία της σχιζοφρένειας;,keep,,,
Q15,11,crucial,Ποιοι παράγοντες καθορίζουν την πρόγνωση στη σχιζοφρένεια;,Ποιοι παράγοντες καθορίζουν την πρόγνωση στη σχιζοφρένεια;,keep,,,
Q16,11,crucial,Πώς αξιολογείτε και αντιμετωπίζετε τα αρνητικά συμπτώματα και τη γνωστική δυσλειτουργία στη σχιζοφρένεια;,Πώς αξιολογείτε και αντιμετωπίζετε τα αρνητικά συμπτώματα και τη γνωστική δυσλειτουργία στη σχιζοφρένεια;,keep,,,
Q17,11,crucial,Πώς αντιμετωπίζετε τη σχιζοφρένεια μακροχρόνια;,Πώς αντιμετωπίζετε τη σχιζοφρένεια μακροχρόνια;,keep,,,
Q18,11,crucial,Πότε χαρακτηρίζετε τη σχιζοφρένεια ως θεραπευτικά ανθεκτική και τι πρέπει να αποκλείσετε πρώτα;,Πότε χαρακτηρίζετε τη σχιζοφρένεια ως θεραπευτικά ανθεκτική και τι πρέπει να αποκλείσετε πρώτα;,keep,,,
Q19,25,crucial,"Μιλήστε μου για την κλοζαπίνη: ενδείξεις, κύριοι κίνδυνοι και παρακολούθηση.","Μιλήστε μου για την κλοζαπίνη: ενδείξεις, κύριοι κίνδυνοι και παρακολούθηση.",keep,,,
Q20,9,crucial,"Ποια είναι η κλινική εικόνα, η διάγνωση και η διαφορική διάγνωση της μείζονος καταθλιπτικής διαταραχής;","Ποια είναι η κλινική εικόνα, η διάγνωση και η διαφορική διάγνωση της μείζονος καταθλιπτικής διαταραχής;",keep,,,
Q21,9,crucial,Πώς αντιμετωπίζετε ένα μείζον καταθλιπτικό επεισόδιο;,Πώς αντιμετωπίζετε ένα μείζον καταθλιπτικό επεισόδιο;,keep,,,
Q22,9,crucial,Τι κάνετε όταν η κατάθλιψη είναι ανθεκτική στη θεραπεία;,Τι κάνετε όταν η κατάθλιψη είναι ανθεκτική στη θεραπεία;,keep,,,
Q23,10,crucial,Πώς διαγιγνώσκετε τη διπολική διαταραχή και πώς τη διακρίνετε από σημαντικές εναλλακτικές διαγνώσεις;,Πώς διαγιγνώσκετε τη διπολική διαταραχή και πώς τη διακρίνετε από σημαντικές εναλλακτικές διαγνώσεις;,keep,,,
Q24,10,crucial,Πώς αντιμετωπίζετε την οξεία μανία;,Πώς αντιμετωπίζετε την οξεία μανία;,keep,,,
Q25,10,crucial,Πώς αντιμετωπίζετε τη διπολική κατάθλιψη;,Πώς αντιμετωπίζετε τη διπολική κατάθλιψη;,keep,,,
Q26,10,crucial,Πώς αντιμετωπίζετε τη διπολική διαταραχή μακροχρόνια;,Πώς αντιμετωπίζετε τη διπολική διαταραχή μακροχρόνια;,keep,,,
Q27,22,crucial,Πώς αναγνωρίζετε και αντιμετωπίζετε την επιλόχεια ψύχωση;,Πώς αναγνωρίζετε και αντιμετωπίζετε την επιλόχεια ψύχωση;,keep,,,
Q28,8,crucial,Πώς αναγνωρίζετε και αντιμετωπίζετε τη διαταραχή πανικού και την αγοραφοβία;,Πώς αναγνωρίζετε και αντιμετωπίζετε τη διαταραχή πανικού και την αγοραφοβία;,keep,,,
Q29,8,crucial,Πώς διαγιγνώσκετε και αντιμετωπίζετε τη γενικευμένη αγχώδη διαταραχή;,Πώς διαγιγνώσκετε και αντιμετωπίζετε τη γενικευμένη αγχώδη διαταραχή;,keep,,,
Q30,8,crucial,Πώς διαγιγνώσκετε και αντιμετωπίζετε τη διαταραχή κοινωνικού άγχους;,Πώς διαγιγνώσκετε και αντιμετωπίζετε τη διαταραχή κοινωνικού άγχους;,keep,,,
Q31,8,crucial,Πώς διαγιγνώσκετε και αντιμετωπίζετε την ιδεοψυχαναγκαστική διαταραχή;,Πώς διαγιγνώσκετε και αντιμετωπίζετε την ιδεοψυχαναγκαστική διαταραχή;,keep,,,
Q32,7,crucial,Πώς διαγιγνώσκετε και αντιμετωπίζετε τη διαταραχή μετατραυματικού στρες;,Πώς διαγιγνώσκετε και αντιμετωπίζετε τη διαταραχή μετατραυματικού στρες;,keep,,,
Q33,7,crucial,Πώς διακρίνετε την οξεία διαταραχή στρες από τη διαταραχή προσαρμογής;,Πώς διακρίνετε την οξεία διαταραχή στρες από τη διαταραχή προσαρμογής;,keep,,,
Q34,7,crucial,Ποιες είναι οι κύριες διασχιστικές διαταραχές και πώς τις αξιολογείτε;,Ποιες είναι οι κύριες διασχιστικές διαταραχές και πώς τις αξιολογείτε;,keep,,,
Q35,22,crucial,Πώς διακρίνετε τη διαταραχή σωματικών συμπτωμάτων από τη διαταραχή άγχους ασθένειας;,Πώς διακρίνετε τη διαταραχή σωματικών συμπτωμάτων από τη διαταραχή άγχους ασθένειας;,keep,,,
Q36,22,crucial,Πώς διαγιγνώσκετε και αντιμετωπίζετε τη λειτουργική νευρολογική διαταραχή;,Πώς διαγιγνώσκετε και αντιμετωπίζετε τη λειτουργική νευρολογική διαταραχή;,keep,,,
Q37,20,crucial,Πώς αξιολογείτε και διατυπώνετε μια διαταραχή χρήσης ουσιών;,Πώς αξιολογείτε και διατυπώνετε μια διαταραχή χρήσης ουσιών;,keep,,,
Q38,20,crucial,Πώς αναγνωρίζετε και αντιμετωπίζετε το στερητικό σύνδρομο από αλκοόλ;,Πώς αναγνωρίζετε και αντιμετωπίζετε το στερητικό σύνδρομο από αλκοόλ;,keep,,,
Q39,20,crucial,Πώς αντιμετωπίζετε τη διαταραχή χρήσης αλκοόλ μετά την αποτοξίνωση;,Πώς αντιμετωπίζετε τη διαταραχή χρήσης αλκοόλ μετά την αποτοξίνωση;,keep,,,
Q40,20,crucial,Πώς διαγιγνώσκετε και αντιμετωπίζετε τη διαταραχή χρήσης οπιοειδών;,Πώς διαγιγνώσκετε και αντιμετωπίζετε τη διαταραχή χρήσης οπιοειδών;,keep,,,
Q41,20,crucial,Ποια ψυχιατρικά σύνδρομα που σχετίζονται με την κάνναβη πρέπει να αναγνωρίζετε και πώς αντιμετωπίζετε τη διαταραχή χρήσης κάνναβης;,Ποια ψυχιατρικά σύνδρομα που σχετίζονται με την κάνναβη πρέπει να αναγνωρίζετε και πώς αντιμετωπίζετε τη διαταραχή χρήσης κάνναβης;,keep,,,
Q42,20,crucial,Πώς αναγνωρίζετε και αντιμετωπίζετε διαταραχές που σχετίζονται με διεγερτικές ουσίες;,Πώς αναγνωρίζετε και αντιμετωπίζετε διαταραχές που σχετίζονται με διεγερτικές ουσίες;,keep,,,
Q43,20,crucial,Πώς αντιμετωπίζετε την εξάρτηση και τη στέρηση από βενζοδιαζεπίνες;,Πώς αντιμετωπίζετε την εξάρτηση και τη στέρηση από βενζοδιαζεπίνες;,keep,,,
Q44,20,crucial,Πώς διαγιγνώσκετε και αντιμετωπίζετε τη διαταραχή τζόγου;,Πώς διαγιγνώσκετε και αντιμετωπίζετε τη διαταραχή τζόγου;,keep,,,
Q45,14,crucial,"Πώς αναγνωρίζετε, αξιολογείτε και αντιμετωπίζετε το ντελίριο;","Πώς αναγνωρίζετε, αξιολογείτε και αντιμετωπίζετε το ντελίριο;",keep,,,
Q46,14,crucial,Πώς αξιολογείτε έναν ασθενή με πιθανή άνοια;,Πώς αξιολογείτε έναν ασθενή με πιθανή άνοια;,keep,,,
Q47,14,crucial,Πώς διαγιγνώσκετε και αντιμετωπίζετε τη νόσο Alzheimer;,Πώς διαγιγνώσκετε και αντιμετωπίζετε τη νόσο Alzheimer;,keep,,,
Q48,14,crucial,Πώς διακρίνετε την άνοια με σωμάτια Lewy από την άνοια στη νόσο Parkinson;,Πώς διακρίνετε την άνοια με σωμάτια Lewy από την άνοια στη νόσο Parkinson;,keep,,,
Q49,14,crucial,Πώς αναγνωρίζετε και αντιμετωπίζετε τη μετωποκροταφική άνοια;,Πώς αναγνωρίζετε και αντιμετωπίζετε τη μετωποκροταφική άνοια;,keep,,,
Q50,14,crucial,Πώς διαγιγνώσκετε και αντιμετωπίζετε την αγγειακή γνωστική διαταραχή / αγγειακή άνοια;,Πώς διαγιγνώσκετε και αντιμετωπίζετε την αγγειακή γνωστική διαταραχή / αγγειακή άνοια;,keep,,,
Q51,14,crucial,Πώς αξιολογείτε και αντιμετωπίζετε τα συμπεριφορικά και ψυχολογικά συμπτώματα της άνοιας;,Πώς αξιολογείτε και αντιμετωπίζετε τα συμπεριφορικά και ψυχολογικά συμπτώματα της άνοιας;,keep,,,
Q52,19,crucial,Πώς προσεγγίζετε σοβαρή αυτοπαραμέληση ή διαβίωση σε ακραία ακαταστασία όταν ο ασθενής αρνείται βοήθεια;,Πώς προσεγγίζετε σοβαρή αυτοπαραμέληση ή διαβίωση σε ακραία ακαταστασία όταν ο ασθενής αρνείται βοήθεια;,keep,,,
Q53,14,crucial,Ποια σημεία σας κάνουν να υποψιαστείτε αυτοάνοση εγκεφαλίτιδα σε ψυχιατρική παρουσίαση;,Ποια σημεία σας κάνουν να υποψιαστείτε αυτοάνοση εγκεφαλίτιδα σε ψυχιατρική παρουσίαση;,keep,,,
Q54,14,crucial,Ποιες είναι οι βασικές ψυχιατρικές εκδηλώσεις της επιληψίας και πώς τις προσεγγίζετε;,Ποιες είναι οι βασικές ψυχιατρικές εκδηλώσεις της επιληψίας και πώς τις προσεγγίζετε;,keep,,,
Q55,14,crucial,Ποιες είναι οι ψυχιατρικές συνέπειες της κρανιοεγκεφαλικής κάκωσης και πώς τις αντιμετωπίζετε;,Ποιες είναι οι ψυχιατρικές συνέπειες της κρανιοεγκεφαλικής κάκωσης και πώς τις αντιμετωπίζετε;,keep,,,
Q56,22,crucial,Πώς προσεγγίζετε ψυχιατρική διασύνδεση σε νοσηλευόμενο ασθενή με σωματική νόσο;,Πώς προσεγγίζετε ψυχιατρική διασύνδεση σε νοσηλευόμενο ασθενή με σωματική νόσο;,keep,,,
Q57,1,crucial,Πώς διακρίνετε την απάθεια από την κατάθλιψη;,Πώς διακρίνετε την απάθεια από την κατάθλιψη;,keep,,,
Q58,14,crucial,"Πώς διακρίνετε το σύνδρομο Charles Bonnet από ψύχωση, ντελίριο και νευροεκφυλιστική νόσο;","Πώς διακρίνετε το σύνδρομο Charles Bonnet από ψύχωση, ντελίριο και νευροεκφυλιστική νόσο;",keep,,,
Q59,16,crucial,Πώς διαγιγνώσκετε ΔΕΠΥ σε ενήλικα και ποιες είναι οι συχνές μιμητικές καταστάσεις;,Πώς διαγιγνώσκετε ΔΕΠΥ σε ενήλικα και ποιες είναι οι συχνές μιμητικές καταστάσεις;,keep,,,
Q60,16,crucial,Πώς αξιολογείτε πιθανό αυτισμό σε ενήλικα;,Πώς αξιολογείτε πιθανό αυτισμό σε ενήλικα;,keep,,,
Q61,17,crucial,Πώς προσεγγίζετε νέα ψυχιατρικά ή συμπεριφορικά συμπτώματα σε ενήλικα με νοητική αναπηρία;,Πώς προσεγγίζετε νέα ψυχιατρικά ή συμπεριφορικά συμπτώματα σε ενήλικα με νοητική αναπηρία;,keep,,,
Q62,13,crucial,Πώς διαγιγνώσκετε και αντιμετωπίζετε τη νευρική ανορεξία;,Πώς διαγιγνώσκετε και αντιμετωπίζετε τη νευρική ανορεξία;,keep,,,
Q63,13,crucial,Πώς αντιμετωπίζετε ιατρικά επιβαρυμένη νευρική ανορεξία;,Πώς αντιμετωπίζετε ιατρικά επιβαρυμένη νευρική ανορεξία;,keep,,,
Q64,13,crucial,Πώς διαγιγνώσκετε και αντιμετωπίζετε τη νευρογενή βουλιμία;,Πώς διαγιγνώσκετε και αντιμετωπίζετε τη νευρογενή βουλιμία;,keep,,,
Q65,13,crucial,Πώς αξιολογείτε και αντιμετωπίζετε τη χρόνια αϋπνία;,Πώς αξιολογείτε και αντιμετωπίζετε τη χρόνια αϋπνία;,keep,,,
Q66,13,crucial,Πώς αξιολογείτε υπερβολική ημερήσια υπνηλία και πιθανή ναρκοληψία;,Πώς αξιολογείτε υπερβολική ημερήσια υπνηλία και πιθανή ναρκοληψία;,keep,,,
Q67,13,crucial,Ποια είναι τα στάδια του ύπνου και τα βασικά ηλεκτροεγκεφαλογραφικά χαρακτηριστικά τους;,Ποια είναι τα στάδια του ύπνου και τα βασικά ηλεκτροεγκεφαλογραφικά χαρακτηριστικά τους;,keep,,,
Q68,15,crucial,Πώς ταξινομείτε και διατυπώνετε τις διαταραχές προσωπικότητας;,Πώς ταξινομείτε και διατυπώνετε τις διαταραχές προσωπικότητας;,keep,,,
Q69,15,crucial,Πώς αντιμετωπίζετε τη μεταιχμιακή διαταραχή προσωπικότητας;,Πώς αντιμετωπίζετε τη μεταιχμιακή διαταραχή προσωπικότητας;,keep,,,
Q70,15,crucial,Πώς διακρίνετε αντικοινωνική διαταραχή προσωπικότητας από ψυχοπάθεια;,Πώς διακρίνετε αντικοινωνική διαταραχή προσωπικότητας από ψυχοπάθεια;,keep,,,
Q71,13,crucial,Πώς αξιολογείτε και αντιμετωπίζετε σεξουαλική δυσλειτουργία;,Πώς αξιολογείτε και αντιμετωπίζετε σεξουαλική δυσλειτουργία;,keep,,,
Q72,13,crucial,Πότε ένα παραφιλικό ενδιαφέρον αποτελεί διαταραχή και πώς αξιολογείτε τον κίνδυνο;,Πότε ένα παραφιλικό ενδιαφέρον αποτελεί διαταραχή και πώς αξιολογείτε τον κίνδυνο;,keep,,,
Q73,13,crucial,Πώς προσεγγίζετε ενήλικα με δυσφορία φύλου ή ασυμφωνία φύλου;,Πώς προσεγγίζετε ενήλικα με δυσφορία φύλου ή ασυμφωνία φύλου;,keep,,,
Q74,25,crucial,Ποιες βασικές αρχές φαρμακοκινητικής και φαρμακοδυναμικής πρέπει να γνωρίζει ο ψυχίατρος;,Ποιες βασικές αρχές φαρμακοκινητικής και φαρμακοδυναμικής πρέπει να γνωρίζει ο ψυχίατρος;,keep,,,
Q75,25,crucial,Ποιες σημαντικές αλληλεπιδράσεις ψυχοτρόπων πρέπει να γνωρίζετε;,Ποιες σημαντικές αλληλεπιδράσεις ψυχοτρόπων πρέπει να γνωρίζετε;,keep,,,
Q76,25,crucial,Πώς επιλέγετε αντιψυχωσικό;,Πώς επιλέγετε αντιψυχωσικό;,keep,,,
Q77,25,crucial,Ποιες είναι οι εξωπυραμιδικές ανεπιθύμητες ενέργειες των αντιψυχωσικών και πώς αντιμετωπίζονται;,Ποιες είναι οι εξωπυραμιδικές ανεπιθύμητες ενέργειες των αντιψυχωσικών και πώς αντιμετωπίζονται;,keep,,,
Q78,25,crucial,"Ποιες μεταβολικές, ενδοκρινικές και καρδιαγγειακές ανεπιθύμητες ενέργειες των αντιψυχωσικών παρακολουθείτε;","Ποιες μεταβολικές, ενδοκρινικές και καρδιαγγειακές ανεπιθύμητες ενέργειες των αντιψυχωσικών παρακολουθείτε;",keep,,,
Q79,25,crucial,Πώς επιλέγετε αντικαταθλιπτικό;,Πώς επιλέγετε αντικαταθλιπτικό;,keep,,,
Q80,25,crucial,"Ποιες ανεπιθύμητες ενέργειες, αλληλεπιδράσεις και αρχές switching/διακοπής αντικαταθλιπτικών πρέπει να γνωρίζετε;","Ποιες ανεπιθύμητες ενέργειες, αλληλεπιδράσεις και αρχές switching/διακοπής αντικαταθλιπτικών πρέπει να γνωρίζετε;",keep,,,
Q81,25,crucial,Τι πρέπει να γνωρίζετε για το λίθιο;,Τι πρέπει να γνωρίζετε για το λίθιο;,keep,,,
Q82,25,crucial,Τι πρέπει να γνωρίζετε για το βαλπροϊκό;,Τι πρέπει να γνωρίζετε για το βαλπροϊκό;,keep,,,
Q83,25,crucial,Τι πρέπει να γνωρίζετε για τη λαμοτριγίνη;,Τι πρέπει να γνωρίζετε για τη λαμοτριγίνη;,keep,,,
Q84,25,crucial,Τι πρέπει να γνωρίζετε για τις βενζοδιαζεπίνες και τα υπνωτικά;,Τι πρέπει να γνωρίζετε για τις βενζοδιαζεπίνες και τα υπνωτικά;,keep,,,
Q85,25,crucial,Πώς χρησιμοποιείτε φαρμακοθεραπεία στη ΔΕΠΥ ενηλίκων;,Πώς χρησιμοποιείτε φαρμακοθεραπεία στη ΔΕΠΥ ενηλίκων;,keep,,,
Q86,25,crucial,Ποιες είναι οι βασικές αρχές ψυχοφαρμακολογίας στην εγκυμοσύνη και την αναπαραγωγική περίοδο;,Ποιες είναι οι βασικές αρχές ψυχοφαρμακολογίας στην εγκυμοσύνη και την αναπαραγωγική περίοδο;,keep,,,
Q87,25,crucial,Πώς διακρίνετε το κακόηθες νευροληπτικό σύνδρομο από το σύνδρομο σεροτονίνης;,Πώς διακρίνετε το κακόηθες νευροληπτικό σύνδρομο από το σύνδρομο σεροτονίνης;,keep,,,
Q88,25,crucial,Πώς αναγνωρίζετε και αντιμετωπίζετε υπερδοσολογία τρικυκλικών αντικαταθλιπτικών;,Πώς αναγνωρίζετε και αντιμετωπίζετε υπερδοσολογία τρικυκλικών αντικαταθλιπτικών;,keep,,,
Q89,25,crucial,"Ποιες είναι οι ενδείξεις, η διαδικασία και οι βασικές ανεπιθύμητες ενέργειες της ηλεκτροσπασμοθεραπείας;","Ποιες είναι οι ενδείξεις, η διαδικασία και οι βασικές ανεπιθύμητες ενέργειες της ηλεκτροσπασμοθεραπείας;",keep,,,
Q90,24,crucial,Τι είναι η γνωσιακή-συμπεριφορική θεραπεία και πώς χρησιμοποιείται στην ψυχιατρική;,Τι είναι η γνωσιακή-συμπεριφορική θεραπεία και πώς χρησιμοποιείται στην ψυχιατρική;,keep,,,
Q91,24,crucial,Τι είναι η μεταβίβαση και η αντιμεταβίβαση και γιατί έχουν κλινική σημασία;,Τι είναι η μεταβίβαση και η αντιμεταβίβαση και γιατί έχουν κλινική σημασία;,keep,,,
Q92,24,crucial,Τι είναι η διαπροσωπική ψυχοθεραπεία και πότε είναι χρήσιμη;,Τι είναι η διαπροσωπική ψυχοθεραπεία και πότε είναι χρήσιμη;,keep,,,
Q93,24,crucial,Τι είναι η ψυχοεκπαίδευση και πώς βελτιώνει την ψυχιατρική θεραπεία;,Τι είναι η ψυχοεκπαίδευση και πώς βελτιώνει την ψυχιατρική θεραπεία;,keep,,,
Q94,5,crucial,Ποια μετωποϋποφλοιώδη και μεταιχμιακά κυκλώματα είναι πιο σημαντικά στην ψυχιατρική;,Ποια μετωποϋποφλοιώδη και μεταιχμιακά κυκλώματα είναι πιο σημαντικά στην ψυχιατρική;,keep,,,
Q95,5,crucial,Ποιες είναι οι κύριες ντοπαμινεργικές οδοί και η κλινική τους σημασία;,Ποιες είναι οι κύριες ντοπαμινεργικές οδοί και η κλινική τους σημασία;,keep,,,
Q96,5,crucial,"Τι σημαίνουν η κληρονομικότητα, ο οικογενειακός κίνδυνος και ο πολυγονιδιακός κίνδυνος στην ψυχιατρική;","Τι σημαίνουν η κληρονομικότητα, ο οικογενειακός κίνδυνος και ο πολυγονιδιακός κίνδυνος στην ψυχιατρική;",keep,,,
Q97,10,crucial,Τι σημαίνουν μικτά χαρακτηριστικά και ταχεία εναλλαγή στη διπολική διαταραχή και πώς επηρεάζουν την αντιμετώπιση;,Τι σημαίνουν μικτά χαρακτηριστικά και ταχεία εναλλαγή στη διπολική διαταραχή και πώς επηρεάζουν την αντιμετώπιση;,keep,,,
Q98,9,crucial,Πότε η κατάθλιψη είναι ψυχωτική ή τόσο βαριά ώστε να αλλάζει άμεσα η αντιμετώπιση;,Πότε η κατάθλιψη είναι ψυχωτική ή τόσο βαριά ώστε να αλλάζει άμεσα η αντιμετώπιση;,keep,,,
Q99,25,crucial,Πώς αξιολογείτε και αντιμετωπίζετε υπερπρολακτιναιμία και σεξουαλικές ή ενδοκρινικές ανεπιθύμητες ενέργειες από αντιψυχωσικά;,Πώς αξιολογείτε και αντιμετωπίζετε υπερπρολακτιναιμία και σεξουαλικές ή ενδοκρινικές ανεπιθύμητες ενέργειες από αντιψυχωσικά;,keep,,,
Q100,8,crucial,Πότε θεωρείτε την ιδεοψυχαναγκαστική διαταραχή ανθεκτική και πώς προχωράτε θεραπευτικά;,Πότε θεωρείτε την ιδεοψυχαναγκαστική διαταραχή ανθεκτική και πώς προχωράτε θεραπευτικά;,keep,,,
Q1/examiner/1,3,embedded,Πώς διακρίνετε ψευδαίσθηση από παραίσθηση και πότε υποψιάζεστε οργανικό ή ουσιοεπαγόμενο φαινόμενο;,Πώς διακρίνετε ψευδαίσθηση από παραίσθηση και πότε υποψιάζεστε οργανικό ή ουσιοεπαγόμενο φαινόμενο;,keep,,,
Q1/examiner/2,3,embedded,Τι εννοείτε με τον όρο διαταραχή της μορφής της σκέψης;,Τι εννοείτε με τον όρο διαταραχή της μορφής της σκέψης;,keep,,,
Q10/examiner/1,1,embedded,"Τι αλλάζει αν ο ασθενής έχει πυρετό, δυσκαμψία και αστάθεια του αυτόνομου νευρικού συστήματος;","Σε ασθενή με κατατονία, τι αλλάζει στην εκτίμηση και στην αντιμετώπιση αν εμφανιστούν πυρετός, δυσκαμψία και αυτόνομη αστάθεια;",revised,,,
Q11/examiner/1,11,embedded,"Αν κάνει βαριά χρήση κάνναβης, πότε θα σκεφτείτε ουσιοεπαγόμενη ψύχωση;","Σε ασθενή με πρώτο ψυχωτικό επεισόδιο και βαριά χρήση κάνναβης, ποια στοιχεία υποστηρίζουν ουσιοεπαγόμενη ψύχωση;",revised,,,
Q11/examiner/2,11,embedded,Τι αλλάζει αν η ψύχωση έχει άτυπη ή όψιμη έναρξη;,Τι αλλάζει αν η ψύχωση έχει άτυπη ή όψιμη έναρξη;,keep,,,
Q19/examiner/1,25,embedded,Πνευμονία και απότομη διακοπή καπνίσματος: τι αλλάζει;,"Σε ασθενή που λαμβάνει κλοζαπίνη, πώς επηρεάζουν την αγωγή η πνευμονία και η απότομη διακοπή καπνίσματος;",revised,,,
Q20/examiner/1,9,embedded,PMDD ή προεμμηνορροϊκή επιδείνωση άλλης διαταραχής;,Πώς διακρίνετε την προεμμηνορροϊκή δυσφορική διαταραχή (PMDD) από την προεμμηνορροϊκή επιδείνωση άλλης ψυχιατρικής διαταραχής;,revised,,,
Q23/examiner/1,10,embedded,Πρώτο μανιακό επεισόδιο: τι πρέπει να αποκλείσετε;,Πρώτο μανιακό επεισόδιο: τι πρέπει να αποκλείσετε;,keep,,,
Q27/examiner/1,22,embedded,Πώς διαφέρει η επιλόχεια κατάθλιψη και πώς αντιμετωπίζεται;,Πώς διαφέρει η επιλόχεια κατάθλιψη και πώς αντιμετωπίζεται;,keep,,,
Q31/examiner/1,8,embedded,Πώς διακρίνετε τη διαταραχή αποθησαύρισης από την OCD;,Πώς διακρίνετε τη διαταραχή αποθησαύρισης από την OCD;,keep,,,
Q36/examiner/1,22,embedded,Πώς εξηγείτε τη διάγνωση στον ασθενή;,Πώς εξηγείτε τη διάγνωση λειτουργικής νευρολογικής διαταραχής στον ασθενή;,revised,,,
Q36/examiner/2,22,embedded,"Πώς διακρίνετε FND, πλασματική διαταραχή και προσποίηση;","Πώς διακρίνετε FND, πλασματική διαταραχή και προσποίηση;",keep,,,
Q37/examiner/1,20,embedded,Τι προσέχετε στη διακοπή καπνίσματος σε ασθενή με σχιζοφρένεια;,Τι προσέχετε στη διακοπή καπνίσματος σε ασθενή με σχιζοφρένεια;,keep,,,
Q48/examiner/1,14,embedded,Πώς προσεγγίζετε τις οπτικές ψευδαισθήσεις στη νόσο Parkinson;,Πώς προσεγγίζετε τις οπτικές ψευδαισθήσεις στη νόσο Parkinson;,keep,,,
Q48/examiner/2,14,embedded,Τι γνωρίζετε για τις διαταραχές ελέγχου παρορμήσεων από αγωνιστές ντοπαμίνης;,Τι γνωρίζετε για τις διαταραχές ελέγχου παρορμήσεων από αγωνιστές ντοπαμίνης;,keep,,,
Q59/examiner/1,16,embedded,Τι κάνετε όταν δεν τεκμηριώνεται σαφής παιδική έκπτωση;,"Κατά τη διερεύνηση πιθανής ΔΕΠΥ σε ενήλικα, πώς προχωράτε όταν δεν τεκμηριώνεται σαφής λειτουργική έκπτωση στην παιδική ηλικία;",revised,,,
Q60/examiner/1,16,embedded,Τι είναι το masking ή camouflaging;,Τι είναι η απόκρυψη ή αντιστάθμιση αυτιστικών χαρακτηριστικών (masking ή camouflaging) και πώς επηρεάζει την κλινική εκτίμηση;,revised,,,
Q61/examiner/1,17,embedded,Ελάχιστα λεκτικός ενήλικας εμφανίζει ξαφνικά επιθετικότητα και αϋπνία. Τι σκέφτεστε;,Ενήλικας με νοητική αναπηρία και περιορισμένη λεκτική επικοινωνία εμφανίζει ξαφνικά επιθετικότητα και αϋπνία. Ποια αίτια διερευνάτε πρώτα;,revised,,,
Q62/examiner/1,13,embedded,Πώς διακρίνετε ARFID από νευρική ανορεξία;,Πώς διακρίνετε ARFID από νευρική ανορεξία;,keep,,,
Q65/examiner/1,13,embedded,Πώς διακρίνετε τη διαταραχή καθυστερημένης φάσης ύπνου–εγρήγορσης;,Πώς διακρίνετε τη διαταραχή καθυστερημένης φάσης ύπνου–εγρήγορσης;,keep,,,
Q66/examiner/1,13,embedded,Τι γνωρίζετε για τη διαταραχή συμπεριφοράς ύπνου REM;,Τι γνωρίζετε για τη διαταραχή συμπεριφοράς ύπνου REM;,keep,,,
Q67/examiner/1,13,embedded,Ποιες κλασικές μεταβολές της αρχιτεκτονικής ύπνου έχουν περιγραφεί στην κατάθλιψη;,Ποιες κλασικές μεταβολές της αρχιτεκτονικής ύπνου έχουν περιγραφεί στην κατάθλιψη;,keep,,,
Q68/examiner/1,15,embedded,Αποφευκτική διαταραχή προσωπικότητας ή κοινωνικό άγχος;,Πώς διακρίνετε την αποφευκτική διαταραχή προσωπικότητας από τη διαταραχή κοινωνικού άγχους;,revised,,,
Q68/examiner/2,15,embedded,Πώς διακρίνετε ιδεοψυχαναγκαστική διαταραχή προσωπικότητας από OCD;,Πώς διακρίνετε ιδεοψυχαναγκαστική διαταραχή προσωπικότητας από OCD;,keep,,,
Q69/examiner/1,15,embedded,Πώς διακρίνετε τη συναισθηματική αστάθεια της μεταιχμιακής διαταραχής από τη διπολική διαταραχή;,Πώς διακρίνετε τη συναισθηματική αστάθεια της μεταιχμιακής διαταραχής από τη διπολική διαταραχή;,keep,,,
Q77/examiner/1,25,embedded,Ακαθησία ή ψυχωσική/μανιακή διέγερση;,Πώς διακρίνετε την ακαθησία από την ψυχοκινητική διέγερση σε ψύχωση ή μανία;,revised,,,
Q85/examiner/1,25,embedded,Τι αλλάζει αν υπάρχει προηγούμενη ψύχωση ή διαταραχή χρήσης ουσιών;,Πώς επηρεάζει η προηγούμενη ψύχωση ή η διαταραχή χρήσης ουσιών την επιλογή φαρμακοθεραπείας για ΔΕΠΥ σε ενήλικα;,revised,,,
Q89/examiner/1,25,embedded,Τι θέση έχει η rTMS;,Ποιος είναι ο ρόλος της επαναλαμβανόμενης διακρανιακής μαγνητικής διέγερσης (rTMS) στη θεραπεία της κατάθλιψης και πώς διαφέρει από την ηλεκτροσπασμοθεραπεία;,revised,,,
Q91/examiner/1,24,embedded,"Ιδεατοποίηση, υποτίμηση και πόλωση της θεραπευτικής ομάδας","Πώς αναγνωρίζετε και διαχειρίζεστε την ιδεατοποίηση, την υποτίμηση και την πόλωση των μελών της θεραπευτικής ομάδας;",revised,,,
Q91/examiner/2,24,embedded,Υποστηρικτική έναντι διερευνητικής ψυχοθεραπείας,Πώς διαφέρουν η υποστηρικτική και η διερευνητική ψυχοθεραπεία ως προς τους στόχους και τις προϋποθέσεις εφαρμογής;,revised,,,
Q98/examiner/1,9,embedded,Τι είναι το σύνδρομο Cotard;,Τι είναι το σύνδρομο Cotard;,keep,,,
Q99/examiner/1,25,embedded,Ο ασθενής έχει σεξουαλική δυσλειτουργία αλλά φυσιολογική προλακτίνη. Τι κάνετε;,Ο ασθενής έχει σεξουαλική δυσλειτουργία αλλά φυσιολογική προλακτίνη. Τι κάνετε;,keep,,,
Q100/examiner/1,8,embedded,Τι γνωρίζουμε για τη νευροβιολογία της OCD;,Τι γνωρίζουμε για τη νευροβιολογία της OCD;,keep,,,
